,0,1,2,3,4,5,6,7,8,9,10,11,12,13,14,15,16,17,18,19,20,21,22,23,24,25,26,27,28
0,0.9756163321184863,0.9680499657101549,0.9596648229768006,0.965009906602036,0.9597099286569265,0.9674601813751785,0.9614980059841626,0.9789180632536307,0.9657814278331828,0.9645545880653875,0.9601959825104499,0.9653875767266646,0.9469526221040949,0.9562307389322554,0.9498383837763434,0.9579675591360969,0.9694279927721478,0.9749139472931795,0.9763730403837698,0.9472936440058851,0.9563880158812613,0.971178920514802,0.967856655579387,0.9482010193034852,0.971992204559541,0.9630039512806343,0.9657295257166182,0.9821205703020713,0.9965513423054754
1,0.9761290996757531,0.9671598785510589,0.9740655126507761,0.9767533486739467,0.9674702741377941,0.9755345220925432,0.9683022618073848,0.969294151541993,0.9616563285862033,0.9677959641587225,0.9815602576234533,0.9736718011843545,0.9675427044105697,0.9577672886361526,0.9604749009769031,0.9733798448800343,0.9700642092045271,0.9717896225873474,0.9782609949558501,0.9645690927881193,0.9630278646084345,0.9807542012340993,0.9813393536038242,0.9583509304492753,0.9779928329295241,0.9703986435343622,0.9720691113884472,0.9810334963007611,0.9822562010484028
2,0.9957057739766013,0.9944587484835863,0.9982083202745429,1.0041185627545188,0.9927398214195614,0.997581157330882,0.990402122913868,1.0065131477040064,0.9919691207322676,0.9952605263945346,0.9873382763347149,0.9942752736420052,1.0034932614101166,0.9878007708965265,0.9980511373655551,0.9994227608631214,0.9929520167031471,0.9976402327770448,0.9955456682115595,0.9966232049720637,0.9946798259221942,0.9955289925463999,0.996205523000228,0.9888595326557138,0.9988607488785805,0.9930657247851292,1.000805737418332,0.9903549150384073,0.988026822348368
3,1.0030386250103016,0.998842490714033,1.0024156958188084,1.0033348160254032,0.995760881978484,0.9996653745717468,0.9989703424916777,1.0027451434883456,0.9973092419546582,1.0007001965993523,1.0007365398855836,0.9963763572954777,0.9950689638101046,0.9918227518602573,1.0020656114945696,0.9893375236758309,0.9983581920412876,0.9986303630297058,0.9981459070235447,0.9929157503554585,0.9996646000117153,0.9950943201281451,0.9996789491150785,0.997935075098677,0.9952253576697602,0.9949143123087413,0.9947621598373604,0.9955706501256739,1.0014629311419414
4,1.0078764955474446,1.001044991148881,1.0083344980984603,1.024716093115415,1.0046690168380892,1.0011723314014973,1.0071459565658043,1.0098719162504688,0.9998852960638916,1.003333048631517,0.9965955543084323,1.0063803027410247,1.002419661606586,0.9954420086593421,0.9958708964762354,1.000105184708391,1.0045130203623391,1.0015468045533613,1.0004406858641335,1.0015540155579605,0.9972411222070865,0.9966031272803262,0.9988055072663651,1.0044748431692208,0.99637711932508,0.9933371707891643,0.9881222002595663,0.9988349971225515,0.9927153359358886
5,1.0029673800978085,1.0007442836713092,1.006757875716785,1.0009487304680387,0.9996441721279898,1.0070363571150323,1.0051951571149518,1.0128173098410838,1.0035546877687909,1.0019614854976995,1.0032469666201005,0.9931472791123063,1.0003262017206094,1.0004564236242157,1.0010149202999392,1.0048632210759716,1.0048140743959724,1.0113736323165312,0.9995738837243334,1.0034334193897845,1.0005435588682798,1.005157716564264,1.0017293655210215,1.0053306498662349,1.0030272680843935,1.0065758843376957,1.0052976988314877,1.0118517992669016,1.015040059939888
6,0.9952803998451393,1.0017848808077854,1.0062196023485552,1.0053726889580556,1.0003428303606094,1.0069116542936156,0.997092899504512,0.9984247906217047,0.9997646070832055,0.9975808290166709,1.0065539038342273,1.001513619524128,0.998637098165854,1.0057435102426975,1.0015013449408623,1.0014928544183512,1.000091129844221,0.9959332722553783,0.9969649500183719,0.9984104956149397,1.0007257076785532,1.0011975021212922,1.0046558310641998,0.9924644357337513,0.9962813914481027,0.9958675576239867,0.9972489547359764,0.9982371177364008,0.9976803123105107
7,1.004049824463279,1.0004579855769447,1.0094526010274405,1.0069586413474412,0.9966664812983296,1.0050909625364157,1.0044717539018098,1.0073855889059435,1.0015403791747202,1.0024422417864058,1.0063626396514567,1.0004942712499494,0.9991524920859166,0.9975274370669299,1.005348592795531,1.0093845019877772,1.005241820602932,1.0027545957656516,1.0033520048733033,1.0052646711400266,1.0065291953822673,1.006433521590328,1.0103189300146538,1.005973813245607,1.004696089520373,1.0174553629723548,1.006599598422788,1.0169384821116545,1.0158768208785098
8,1.001348227523212,1.0008097459498877,1.0011716490033256,1.0021683563432389,0.9982909387658482,1.006723206038349,1.0014691564083489,1.0017019077779705,1.007113333444885,0.9981179702922652,0.9995112542955396,1.0019879387612498,1.0027836018312837,0.9988253364060555,1.0000099305172885,1.0068746472682544,1.0016464823867834,1.0014715188375778,0.9993808475546515,1.0033537493500075,1.0041834358985997,1.0026409368431668,1.0142404023812623,1.008292952739602,1.0051498520610882,1.0004397217622214,1.0085971422286628,0.9941822602726171,0.995472020589496
9,1.0021390000637032,1.0038698060772857,1.0007469410281529,1.008013265940436,1.0011028210691446,1.0008170864988097,1.0017229404495887,1.0036104740870488,1.0007728279325885,1.0024297337799197,1.0073158940118574,0.997677479170552,0.9964139346779443,0.9937644452911741,1.0025371581353661,1.0049903893643917,1.0072439542334093,1.0060416729144104,1.001637336182764,1.0015395874884878,1.0013056612585811,1.0060589172087568,1.0076944719751832,1.0024129989326565,1.0040175167931449,1.0037931981737145,1.0047569326736656,1.0170263003356632,1.0112866610438096
10,1.0058185638401016,0.9987999708208604,1.0093679583300745,1.0111466313080952,0.9970789040496792,1.0050697777626976,1.0146693557817494,1.0115842047321297,0.9992918711129115,1.0047579920589327,1.0032206346619443,0.9997850922729805,0.9984859715205483,0.9970005404744123,1.0000653612056594,1.0036595615336432,0.9997129550040532,1.0015443800334447,0.997653821947907,1.0082271336850572,1.0013005084791073,1.0076002168828773,0.9962086168473512,1.010009574116487,0.999765259923475,1.008784986754834,1.0019859027023021,1.0027661574392364,1.0022702236218692
11,1.0032751911694435,0.9988358192746034,1.0035026239634446,0.9972040310863676,0.9959463406094636,1.0022724898993223,1.00672986194279,1.0091119874817693,1.0013145334445739,1.0086002903519757,1.0049161951895484,1.0049251634205048,1.0056867609658247,1.0021488014486257,0.9998416848965979,1.0011855263227598,1.0029643610389483,1.0075609643752192,1.000982905844913,1.0047217004279914,0.9955900427485255,1.004657513013006,1.0012100670668378,0.9984896556488126,1.0013190552308775,1.0080332974983721,0.9969393701516607,0.9972541710858636,1.0083643547938193
12,1.0064740593145862,1.0025708475981516,0.9980176680959472,1.0056960020861272,1.0014707971132486,1.003294234700986,1.0047847854702059,1.010129710959223,1.0003775825270456,1.0005433406294257,0.9967620781408402,0.9970511190634856,1.0024081997346261,0.9986093976207141,0.9972793667152104,1.0087186134077237,1.0014357556708633,0.9995053948765077,0.9990753474183424,1.0085743115050936,0.9966943938548176,0.9961597067705293,1.0004911636051421,1.0036526553669425,0.9967718112433741,0.9956236037526913,0.9995644484488062,0.991964085257573,0.9971917901976911
13,1.0002611878259802,1.0020480763959956,0.9984152592732107,1.0094132983413842,0.996617893513862,1.0002680741569616,0.9988252251932543,1.0051103198417917,1.0006765679297212,0.9976744442639885,0.9919193067404707,0.9939544364794081,0.9994658981638115,1.0016789078140893,1.003657814210826,0.9974153732027609,1.0007541219435685,0.9962789056429376,0.9981631851724306,0.9994067775502093,0.9982643157704892,0.9966010494817255,0.9981338526888714,1.0029985894005027,0.9959086516454142,1.0003789264363183,0.9991674725172724,0.9993976066649329,1.0005847983432372
14,1.0039708927973308,0.9973188949590234,0.995937650038367,0.9974519733160859,0.9962785086083619,1.0032577822295046,1.0011604915657248,0.9991141911277509,1.003980831705147,0.9965125412987029,0.991836682039767,0.9973798143545785,0.9927635564843241,0.9980888465512259,0.9951735155380627,0.9945108902784289,0.9979978125662796,0.9955002039836786,0.9948168695341789,0.9924496782272022,0.9964321774816064,1.001620925137631,0.999670362130142,0.9898479968145117,0.996876997909072,0.9978538843854302,1.0005384385273084,1.000130251791072,1.0063517797860946
15,1.0022291281181925,1.001070801412477,1.0025362489568574,0.9998205729220488,0.9986064657991058,1.0040889065465126,1.0067396470583168,1.00066372726942,1.000371464055123,1.0026351285699056,1.0020214032070311,0.9966891408623922,1.0022572573516733,1.005917113986362,0.9993454506866546,0.9987964275720005,1.0024283878847804,1.0032949985548263,0.9982753945850662,0.9939347468481662,1.0005624848808652,1.0056576219202613,1.0043552945633996,0.9974164719318561,1.000977169083671,0.9984565279694553,0.999765137636728,0.9964477000074633,0.993888904204254
16,1.0018646614376914,1.002688532944286,1.0040224451214297,1.0142864668455205,1.0009544698346853,1.0000048249657776,1.008259226330268,0.9970347344422928,1.0031652763088243,1.004587325570004,1.0049637069122395,1.001175590183741,0.9948797298306034,0.9996303717679764,0.9991920985478133,1.0020134196079122,0.9989729350222296,0.9987402374193347,1.003031759406953,0.9997524506425572,1.0033994328884932,1.0027857298317115,0.9944999938962554,0.9937537735934405,1.0011639578644451,0.9960445117198325,1.0001610946781971,1.0071192177019388,1.0014650407045753
17,1.0033479428347682,1.0051616241211467,1.007517237758159,1.011913234340543,1.0020695346657422,0.9979798674610033,1.002873043239722,1.0061233955893376,1.00249729228952,1.0041971801698488,1.0014658060308368,1.009495403594132,1.0125704521142582,1.0033819718085408,1.003078418659498,1.0043532871297978,0.9995313091007074,1.0016488930634566,1.001050365150427,1.0051535133759246,0.9999635886836316,0.9978859761388379,0.9998312720001479,1.0106151818027191,1.000523008420208,1.000259644390745,1.0010201327936668,1.008416819053794,1.0057941309070124
18,1.0077020294761596,1.002116103947575,1.009338681973077,1.0007737732715631,1.0038001538416277,0.9989906698434255,1.0080994172831554,1.016646256451459,0.999842603460481,1.0062525605484813,1.0053685812501116,1.0093879466822233,1.0130697970429439,0.9954363391713534,0.9937460858906422,1.0027833013496037,0.9993864062450754,1.002190101967306,0.9983829228674437,1.0014672942330205,0.9963757821806538,0.9970682195510411,0.997544004849959,1.0027436459616335,0.9976708492296937,0.9995386415686011,0.9941343104227319,1.0017621904834368,0.9990109866778624
19,1.0047874119925497,1.0011664802295726,0.9965987994225708,1.00208148885558,0.9958126749503196,1.0007327597441646,0.9920525604473306,1.0018610681656157,0.994274896586409,0.9954928545676917,1.0004782203218536,0.9921980999468493,0.9949143218060976,0.9992592204967118,0.9938387025603969,1.0006980482823418,0.9981297173264626,0.9938432602645192,0.9944522651872008,0.9917968599268965,0.9988602439721641,1.0040194527920472,1.000613002284175,0.9921961754771587,0.999622937213448,0.9993895994709435,0.9997907730249238,0.9991386828481211,1.000595772358144
20,0.9940617782609716,0.9974467046119394,1.0054068819201951,1.0055888350105244,1.0007504221494705,1.0019681512807284,0.9967127674268029,1.0006036226129338,0.9977463173690473,0.9964839024652122,0.997961164506478,0.9973757295441538,0.9916765084154976,1.0014774800569854,1.0049884067557173,1.0021374405061863,1.0032741673727155,0.9948555922287468,1.0038818117208452,0.997588926829673,1.002245100594624,1.0049964202761121,0.997314719133369,0.9966089046755366,1.0030889420342757,1.0114248861467015,1.0054545600516975,1.0007476696046045,1.004750424787027
21,0.9978853723614279,1.0027592615022711,1.005616649149439,1.0049875602492893,1.0022284026068908,1.0081860366174646,1.0049586326038613,1.0058705485002821,1.0072458282687071,1.0051791960296634,1.0028806692088796,1.0079618352561892,1.0032718879471691,1.0074741599771426,1.0055944758897748,1.0032236756962447,1.0086758696262572,1.0012783230501943,1.0046598500494162,1.0061346568511704,1.0050046995127024,1.0029185057820937,0.9980242235609856,1.0109298569743077,1.0014581703413872,1.0030811524082734,1.0041020908777822,1.003312568731358,1.004361413909157
22,1.0079393917005914,1.0047965956823839,1.0102829157533837,1.0059459129029418,1.006646643569929,1.0053011254079556,1.0116387489250558,1.0262422971044696,1.0046608096915903,1.008051458022673,1.0092702592382312,1.0045389651497858,1.0031972658744854,0.9988176959374742,1.0034098856020617,1.0018879743385583,1.0060155523549712,0.9992422822733673,1.0066935425280787,1.0071254275871584,0.9993551392253371,0.9977361624640088,1.0021814563726932,1.0028022673769574,1.000055335406336,0.9971966766058008,0.9995969810523754,1.000738836936659,0.9977837538413762
23,1.0112724623452696,1.0025764379528967,1.0029559992069788,1.0028519436104342,1.0028659342877093,1.004660445560766,1.0088232818891063,1.0102928520730068,1.0020228685940218,1.005631280289418,1.0047812641102303,1.006509558262681,0.9999479761368972,1.002873209620092,1.000092246793624,1.0058176780599122,1.002904629852376,0.9955670237623006,1.0072280249633108,1.0033440692266014,1.0016756117254355,0.9969079357855456,0.9984151422394157,0.9997256304786981,1.0024528587674333,0.9997895428733686,0.9996612016504927,1.003871134448245,0.9994056270686195
24,0.9975985442967485,0.9989258172547388,0.9960868474261189,1.0017062011139255,0.9961022088083895,0.9992859412246938,1.0190578583465935,1.0100368232877084,1.0028454045956896,1.0061709328290107,0.9986667703660221,1.013412449237269,1.006149513057758,0.9970490215031396,1.0028265288643323,0.9954022449826789,0.9982482791874461,1.0088375121190123,1.0004977173268719,0.9975746343141212,0.9996001121705357,0.9928997661805674,1.0005161989036717,0.9918852527459948,0.9992365335513944,0.9949370288262778,0.9950770202563213,0.9932072908660958,0.9963805644294372
25,1.0063302500464906,0.9949861277625542,1.0023956905540994,0.9967618634290774,0.9957037188939317,1.0026954148278784,1.0131539363685063,1.0225334489310578,1.0012121689093902,1.0070617772387893,1.0022518117278199,1.0022395142843377,1.01056360830014,0.9982802508995822,1.0020628398284737,1.0031617329366933,0.997383705837997,1.0184666843806387,0.9975814056737637,1.0006727582738644,0.9992674145002627,0.9920440108621045,0.9981534727662973,0.9963138464759004,1.000564538379648,0.9992654102078492,1.000898164622446,1.0029840527490843,1.0074852624298896
26,0.9946300803957557,1.0000908333845702,0.9970283911111425,0.9980554102324843,0.9960380913906592,1.0017692100161764,0.9987269226997297,1.0022640191291539,1.0034406386220136,0.9974195402050842,0.9976538911693619,1.0006352257856572,0.9963420457090693,0.9964054467163882,0.9973628602849977,0.9937026014544408,0.9964535883554815,1.0078519377151152,0.9973428475800584,0.9952763122520428,0.9986186082312579,1.0035739405357627,0.9992538301691638,0.9969125994541611,1.0002724747899048,1.0014738869249318,0.9985342939137309,0.9943105692239382,0.9905931838313281
27,0.9927157168768661,1.001817714086081,0.9944013789465502,1.00104338118579,0.9963957112327977,0.996412711402124,0.9989279991235114,0.9944157523615422,1.0034757595821906,0.9946044344152225,0.9995772135204726,0.9958743123855668,1.0004210637991062,0.9991908182257079,0.9977796642920461,1.0023158513846369,0.9998179194256459,1.0080273469039371,0.9965035618054559,1.0010348341381032,1.0006477073628521,1.009084354955863,1.0064483577881984,1.0011069526240322,1.0036863032198224,1.0071852179027865,0.9995776012908281,1.0023702250682784,1.0003174435013837
28,0.993989508546452,0.9982272216711061,0.9949120465995309,1.0015776775764824,0.994857657126368,1.0009481098492725,0.993911748674938,0.9991152062205306,1.0011656641467446,0.996439656640606,1.001238700154951,1.0107154434658856,1.0164131930943252,1.0077608787414742,1.002643350705388,1.000011793111292,1.0005508274196722,1.01831508968945,1.0058818293006002,0.9979549581904149,1.001392119242929,0.994450150264988,1.0011591608511765,0.9972979834308695,0.9970584327243155,0.9974289112514277,0.9929892236860813,0.9948145521379124,0.994631143676917
29,1.0070703189495043,1.0043322312149472,1.008630317633698,1.0086964652020916,1.0081211784983337,0.9949968968777256,1.0063971050268352,1.0051117458715537,1.0028139317083773,1.0033729392198316,1.0062974739443353,1.0051570038125965,0.998538828434676,1.0016888050996737,1.0050040994253429,1.0015959871128037,1.0076122255581426,1.0099829868759136,1.0048276069251794,1.0050335694046315,1.0024631213965554,0.9990572468827411,1.00204748476507,1.0057869967855904,1.0002368047938348,0.999559619874252,1.0009327487592345,1.0036335263694993,0.9969414082526427
30,1.0040747760330784,0.9978961714720718,1.0049208573593786,0.9970325672177973,0.9983598874421254,1.0046168087801841,0.999105047724421,1.0092481000699118,1.0007138204582566,0.9979552465417427,0.996274273854007,1.0048513399802117,1.0063540684056096,1.0027815008573628,1.006416100969184,0.9970321589488405,1.0028258783875494,1.0067049259035936,0.9960491517526174,1.0043321038290098,1.008917574718955,0.9974762167520447,0.9977074982904548,1.0115481441994207,0.9963633812819294,0.9962537199300944,0.9912418294936984,1.0049052306660247,0.9939455513138002
31,0.9997463270828006,1.0009782952270547,1.0102111761156898,1.0009636106431627,1.0002188747401755,1.0018438784601431,0.9996681228118166,0.9997639186906228,1.0004610448243576,0.9985091642290752,1.0026966884265445,1.0004213962070543,1.0010079971747927,0.9994677216520821,1.002006612938018,0.9975669085277821,1.0006148576580134,1.0049921147494876,1.0013171305104098,0.9992390458613137,0.9987159311358366,0.9914939556806248,0.9947030021473339,1.0085709986490992,0.9943556128730978,0.9911431697453564,0.9928205915085497,0.995114175504245,0.9962982111234864
32,1.001386203735044,0.9987910687732886,1.0070650656038278,1.002881348249695,1.0014704379570831,1.000380592025281,1.0039413404412842,1.0088838243123295,1.0055517833977612,1.0043964807068468,0.9964643309649831,0.9984603448673257,0.9972133148675061,1.0059855447333554,1.000773510835547,0.9928907721076283,0.9987759433013381,1.0000111547098274,1.0062933382786392,0.9931129239879524,1.0001411031399452,0.9991060148622714,0.9976005876016949,0.9878483536664213,0.9999418600927269,1.0008036018731044,0.9936760657557103,1.0016818021798923,0.9995653911643047
33,1.0012228699383707,1.0037841028481356,1.013481772287106,1.0107560071755972,1.0075106179677282,1.0024385205360395,1.0061714545008689,1.0125734788000647,1.0015684241194662,1.0018004852852764,1.002345874152489,0.9994457413817064,0.9927712909465899,1.004021870469875,1.0060845584980667,1.005827381887045,1.0043280527252845,1.0034393512730488,1.005324851090032,1.0055474717392499,1.0074843378983307,1.0389115056191889,1.022542861289272,1.0098351953636489,1.0201293575725572,1.014767119644282,1.023580498513368,1.031409260761186,1.0351448520836248
34,1.0020253427946972,0.9989829465905028,0.9992348148868707,0.9929880133209963,1.0008025317852416,1.0017276324527513,1.0025516279120021,1.014556445042002,0.9969354112942344,1.0085390203740343,1.0000799984502604,1.0052885306776316,1.0041691710737486,1.0075880142888003,1.0037813650643468,0.994490971058954,1.0020725672021686,1.0030576365932555,1.0005149789318306,0.9949075855155208,0.9961256364260295,0.9917350738624358,0.9973670814896449,0.9961417379062155,0.9961619547180083,0.9979834214640498,0.9969587342329809,0.9887495414874521,0.9894547626237595
35,1.0060520228445737,1.002581522402839,1.0043838364649778,0.9984685308743685,0.9990052292849506,1.006953557342916,1.0013383854066602,1.0059327673358285,1.0003766656282738,1.0037406680197967,0.9978731669058137,1.0094265605223878,1.007938649773836,1.0044344708582815,1.0017154953936738,1.0037715223454828,1.0051581235110443,1.006884502378465,1.0081580487664685,1.0024002314772218,1.0075019914427608,0.9921703694143033,0.9962923630097827,1.0009003352954013,1.0010935980482942,1.0028195903645927,1.0005604387610516,1.0010858319935556,0.9994203441720727
36,0.9917796517253962,1.003248622515515,0.9997790972141959,0.9898282747840107,0.9993991559322273,1.001092197244989,1.0023449088518157,0.9967216368283879,1.0022928243544162,0.9986042343538469,1.0052378191652411,1.0042085712333402,1.001739525745269,1.0024146898275916,1.004241478254995,1.0009619806880403,1.002163810126408,0.9976328241921865,0.9990957856651789,1.0075412006982787,0.9997463273862331,0.9986875590550566,1.001010619064083,1.0067050034136282,0.9959797711016577,0.9991552402347009,0.9961665814624674,0.9970156386228266,1.0089393406733016
37,1.0094236108247765,1.0060218962994045,1.0188506522983194,1.0156495333144386,1.001505896664644,0.9967013684261596,1.0029297024769066,1.0141072303368595,0.9987024468729622,1.000030610764907,1.0081853326032553,0.9998797739977326,0.9967715090378184,1.001986955790669,0.9954944267165209,0.9900965818389137,1.0032533508893964,0.9990908497213492,1.0013050344020205,0.9939203943304493,0.9959732604819408,0.9966450626856043,0.997344049944923,0.9974721760553856,0.9959627893994266,0.9996845007943091,0.9983744387755294,0.9954686866877783,0.9966818673268766
38,1.0042030392784547,1.0057304711028192,1.005549715397243,1.0071316896504254,0.9999197566634087,0.9967257023680981,1.0053371265286166,1.007005856017396,1.0018508317489287,1.0043082225756006,1.0025722804331816,1.0015008213192866,1.0054186542538137,1.003754895591441,1.0027457598028602,0.9980526012932018,1.0026098726076595,1.0006947921809937,1.0024613630834869,0.9960345463714723,1.0031627955099465,0.9916803276017229,0.9933528187787631,0.9935346156369027,0.9946395100726463,0.9973168904167906,0.9957583578822375,0.9971365134556507,1.0022565150723137
39,0.9967688810792139,0.9971079153264539,1.0049000734645055,1.0033674979039853,1.0000477743251843,1.0048303187816894,1.0079164208612168,1.002258093189183,1.0032060927354702,1.006367263518163,1.00573566200974,1.0046143358044735,1.0069439632628732,1.0036325670888975,1.0009702948103607,1.0021061810948884,1.0041912861126128,1.002560164276928,1.0019941908550454,1.0005772244998978,1.0032889310950632,1.007802748508607,1.002504802764524,0.9918289884091438,1.0070400940164828,1.0094529575159077,1.0049692594828903,1.0095414225070949,1.0156712385529154
40,1.001433555676137,1.0021486979433314,1.0083773636584628,1.0115385583447158,1.0031465950766096,0.9954454340951675,1.0060746080200087,1.005645989215461,1.000880826696155,1.0024420752923449,1.012734062711799,0.9980105316185856,0.9976430377252475,0.9922178525851537,0.9957141901814978,0.9975037065464091,0.9934416275857254,0.9946115429779518,0.9956838198053051,1.0026811291415785,0.9964786895651857,0.9953314535927983,0.9996172386879635,1.0044183399254456,0.9970918710008116,0.9928081034828433,0.9941050747344223,0.9969937534506316,0.9983701166053213
41,1.0050359483986722,1.0013271155641665,0.9989053221838132,0.9993356430256184,1.0061292963835002,0.9954005424595574,1.008574702383859,1.0022165037173503,1.0045576644643879,1.0054473129308872,1.0064517364063155,1.0006343380060838,1.0041625448448583,1.0020080060639651,1.0073625223657778,1.0006171151467407,1.0010606547260552,0.9973590133053094,1.000257828746093,1.0061703594251556,1.0035259930972769,1.00136737149026,0.998932609888154,1.0052095926292515,0.9983660143180477,0.9964377185688741,1.0007447120467263,1.0010861623832124,1.0047819998263146
42,1.005640739893411,1.0012830850054153,0.9978631737074062,0.9960242691406817,1.0036862934728816,1.0018147323135758,1.010870112040707,1.0036445835683376,1.0003797812880337,1.0014911980498769,0.9974859070434493,1.0036767528700306,1.0045830088915828,1.0094858023068078,1.001560361353211,1.0075241424216794,1.0067563241865907,1.0025369805034243,1.0031402819580975,1.0074617787136657,1.0025597160927349,0.9993471014461677,1.0015935805916163,1.0107567322694115,1.001832519655563,0.9955542188963714,0.998143655404934,1.0014867674442192,1.0061100891142638
43,1.0013483765369426,1.0024248552340604,1.0055409204779864,1.0081962279654095,1.0022786099707712,1.0058520930817474,1.0056276059798224,1.0069178520680044,0.998327474086249,1.0017981909383924,1.0012832076737708,0.9962186548457838,1.0028404116945016,0.9973305426267045,0.9974357320333972,1.0078654062766816,0.995638401313393,1.003107806427471,1.0011277478486618,1.0041663421919027,0.9972502586719604,0.9932326829741372,0.9976453208682189,0.998209003648135,0.9977321500033149,0.9933350160852035,0.9951658779126532,0.9955008973441174,1.0039139221327082
44,1.0035863303487746,1.0000482249389309,1.008165276587474,1.0000862863603013,1.0006262480708707,0.9996433543284547,1.0101636417563928,1.0056681137220542,0.997101994646695,0.9972631135781798,0.9963670886183913,0.9892646248866899,0.9893146656903811,0.9997163528621359,0.9982462580245632,1.0032464417310776,0.996137897927535,0.9889269362916677,0.9958619238115567,1.0052331960492815,0.9981071640755498,1.0049360401238376,1.00722646856177,1.0029226946453227,1.00324568257188,1.0047872572818146,0.9976159191609157,1.0006672238405832,0.9973724479301279
45,1.0042454039029345,1.0019706818590826,1.0047516021599507,1.0055438412465676,1.0000135920225834,1.0033116436354723,1.0028652343521554,1.0059954857520046,1.0037850419007366,1.002378632606017,1.0041290403859031,1.0128965522514644,1.0163298967216445,1.0126311182317898,1.0044067606785843,1.0078995194159452,1.0043460963875985,1.0161163257706438,1.0042990433558898,1.005891038738332,1.004694246874585,0.9995660228494065,1.0047683594328591,1.005001396156047,1.0035398444760457,0.9981590852109519,1.0014281710056194,1.00713416876772,0.9955546143268202
46,0.9945356763767991,1.003327520143245,1.001681234673058,1.0069021417838806,1.0037916793955486,1.0005532288984325,0.9990790443157407,1.0036273561861804,0.9993007223149183,1.000040373731868,1.0020347542020671,1.0098563830927088,1.0140868311429914,1.0116784922869084,1.0077355558896945,1.00772537730833,1.0081267828695404,1.0024839571193893,1.0062338157661976,1.0054747749745543,1.0077439065976794,1.0108289271438833,1.0065733570396704,1.006181485841574,1.0094937170421583,1.0087281144411893,1.011729717416733,1.0055300208494107,1.0072323199525175
47,1.0017293000156025,1.000723278041927,0.9993589919592849,0.9947015513134808,1.0025969122496152,1.0016651884176706,1.002658443265944,1.0007999872052684,0.9985866136546505,1.0030406763691457,1.0088495042829146,0.9953211806799221,0.9966307417720282,0.9978936471229228,1.001973016089934,1.0004042254167131,1.002528148097544,0.9935154909023498,1.0027482150729765,0.9971517459369452,0.9976916418665676,1.0066636672575962,1.0057881324766829,0.9967303481054459,1.0029202454393793,1.0062929410452364,1.0060010982770973,1.0059508425241614,1.0027381198936782
48,0.9978953598348715,1.0030431703749685,1.0060966363149548,1.0089928142139375,1.002603585896284,1.006487220829744,0.9978954816230708,1.0020208640465873,1.0045090311036498,0.9983577402438232,1.001395509035134,0.9970544311831765,1.0036691202173227,1.0079681228084316,1.0006234735381723,1.006340989415335,1.0026326520240638,1.0133232739067457,1.0024034653177187,1.0013566634405509,1.0009864437329627,1.0069156315750807,1.0081448617664872,0.99656463764068,1.0054449537869097,1.0080676139632243,1.0026920608430698,1.003830872953872,1.004592307690024
49,0.9954653283754177,0.9958436990912906,0.9993350117386955,1.0052995426533853,1.0025613651583025,0.9972336497829942,1.0040073176270967,0.9946892585866081,0.9982345208574196,1.000791947643,1.0014702947533847,1.0042506481660511,0.9971935564803802,0.9984288124845556,0.9930350517922316,1.004100711085541,1.004568852987846,1.0033226266745345,1.0004170957516902,0.997933253375679,0.9962104152984786,1.004996105874866,1.0006252963135398,0.995272110896513,1.0008140188753905,1.0008628017553365,1.004412855022255,1.0036217688422833,1.0033918420847845
50,1.001009998942806,0.998790057841873,1.0031244483231143,1.0033742177643898,0.9999868798979451,1.0049288793962998,1.0000283573582112,1.0031466092059964,0.997640644717917,0.9954388304504024,0.9912730385368058,0.9936577134966486,0.9983358463327315,1.0007941484641756,1.0029149350911206,1.0047854877569844,1.0020299692509478,1.0036154026149238,0.9973228709778126,1.0034032837419578,1.0026958225482776,1.0065346003009952,1.0010837776300172,0.9981939216035897,0.9996296871529291,0.9952507720350466,0.9966056677494428,1.0106823319417069,1.010313107368501
51,1.0021318510611295,0.9986108235609502,1.0078474662040582,0.994651321208591,0.9955793987379908,0.9979537001530622,0.996002337208447,1.0167616655761436,0.9920750454755385,1.0071245558168542,1.0060693320337395,1.0024136429315895,1.0042089705399622,0.9990288528503479,0.9953129743132968,1.0076864293754382,0.9969593088074221,1.006173840482912,1.0008027676858342,1.008961217166325,1.0013439564133992,1.0022536054267308,0.9939156052942756,1.0074222759611173,0.999657448143787,1.0056564508631198,1.000908740856588,0.9940109091308295,0.9985749074480992
52,0.9803318755916173,0.9722460308397602,0.9402536456195486,0.9643342261801293,0.9781985813778974,1.002418825433909,0.980079733361298,0.9731455248121241,1.0161961481945523,0.994457690776303,1.0039555391353425,1.0288064121331093,1.011829964132938,1.0326154069437476,1.0209768270087145,1.0296493402437026,1.0220416982683174,1.060572383849982,1.0292834527125256,1.022828717166416,1.0232186141229282,1.1432446139773416,1.0577905368506586,1.014602937577427,1.0748346210927633,1.122333304036726,1.0903282852821041,1.0869409541066073,1.0859574146065796
53,0.9827115296354387,1.0249879232311814,0.9913969195363016,1.0137121565299163,1.0276794164085397,0.995238680951831,0.9870689985813186,0.9979160370209171,1.038481603651679,0.9994894860182639,1.0003957957125549,1.054276685261124,1.025939155387876,1.0231993871917584,1.0320947317303826,1.021997530318897,1.0245162894120872,1.02802019054817,1.0306615878102474,1.0200364227774008,1.0228470079486114,1.043217718112192,1.0601421374699063,1.0139673865141827,1.0546388348298743,1.0484820352153028,1.0423322180349226,1.0667854151383076,1.050909953455772
54,1.019480466303536,1.0170107475022332,0.9639994313784036,0.944076715170916,1.025718533807563,1.015681392167532,1.021661267253069,1.0048210481091702,1.0120561857186667,1.0149108541197525,1.0114800784375713,1.0457386542301161,1.0418511464547255,1.0469633755409455,1.0317839162887874,1.010701580567631,1.0318414261454412,1.0005926582449742,1.0271181414838366,1.005284754733398,1.0239504816850429,1.0315776102193512,1.018073885396978,0.9921769355338651,1.0316942971473662,0.9991793196661147,1.01323366692112,1.0362618067632976,1.0292463430734236
55,1.0200537624081576,1.0066572254477804,0.9946774934155884,0.9682933295595502,0.994290611704811,1.00172199907279,1.0020831199173155,1.0029873984852964,0.9973327962152766,0.9905157974049724,1.0013122347516945,1.0273581952530206,1.0325798013757168,1.0265692197355856,1.038663961410863,1.0360224267176263,1.0259471748060018,1.0315771169917736,1.0148601521593223,1.0458582548741984,1.0311447049869134,1.036223301034062,1.0192331832828538,1.0349264944873067,1.0278275209306453,1.0477291193244431,1.0412308977274713,1.019584685494037,1.0218585294575557
56,1.064093735973662,1.0457136408485723,1.0268326217854054,1.0000044960400043,1.0397296047770712,1.0051746227707692,1.0501051617755108,1.0199956330333235,0.9834804119433521,1.0311916110548152,1.0069123649772864,1.0300646220388563,1.015402124516006,1.0234416363287022,1.0311494192814767,0.998875779625398,1.031870185444422,1.0031846041524113,1.0398433576975548,0.9895892540312766,1.0118941891802198,0.996046013282905,1.0302430120680233,0.97799018325402,1.024143958292206,0.9831736070772693,0.978815709394892,1.0173293257188092,1.0065620914485398
57,1.0914319690793077,1.0523034808729366,1.0105406786647173,1.0021661478423722,1.052185387708509,1.0139529389677102,1.0385611475956793,1.0056162676982459,0.9858806608509925,1.0286730324647282,1.0334074588596227,1.0644905264024833,1.0393428150719624,1.0374849686952785,1.0426425742127863,1.0081318607615979,1.0475643106581307,1.04771951766194,1.0630757060367018,0.9983048032589733,1.0149368541416561,0.9836791335729868,1.0087984705245578,0.9863808704630885,1.0277738817060589,1.0078320131399532,0.9965074857938547,1.005684051104646,0.9927125770775935
58,1.080570880929203,1.0423582702512024,1.0025831216645353,0.9746868057573572,1.0544757215872007,1.0556113367298596,1.0425578070784514,1.0138648375327857,0.9953035469245395,1.035947044237545,1.0553901154414826,1.0640059759409668,1.0393523984530952,1.030021599742955,1.0221290740625082,1.0005533190254896,1.0390148907085293,1.0744210966258332,1.075278688615756,1.0012931410714845,1.013633731090705,0.9939166775299787,1.0343384697003306,0.9876023459615,1.0319123469433515,0.9990395991748114,0.9968013122750223,0.9871508974075622,0.9970992676192189
59,1.0540980357006704,1.0345966053270457,1.0197341288955863,0.9893721134724758,1.0485000043403352,1.0766767298017512,1.0086312995413802,0.9923070297780755,1.005256063259351,1.0214142459901578,1.0302715647244018,1.0529043025630695,1.0158173557613202,1.0292225474730285,1.0208693387542342,1.0058738101300337,1.0318468868342254,1.0589771094436229,1.0603996615226317,1.006092929598881,1.0204538314509268,0.9868743763685629,1.042094161498169,1.0067470291202232,1.020634144929279,0.9903047121736311,0.994157329106796,0.9866395808800531,0.9989455470278691
60,1.0213069515693567,1.019182152391144,1.0210612704959672,1.0524163642185647,1.0251075610735298,1.0454213461054631,1.0162066351303638,0.997678994630716,0.9988680538034771,1.0146815304522678,1.0316053627341322,1.0022167054484539,0.9875927429912748,0.9902984342021659,0.9972669705259662,1.0141555943525475,1.0067759984239772,0.9963016521660306,1.0237897287769802,1.0251741252258997,1.0164598407894763,0.9910842364506388,1.0350819095296433,1.028663973323346,1.0089366514329956,0.9997047403216103,1.0039557638321635,0.9900171481078327,0.998298071600633
61,1.0177338745770557,1.0337702924156775,1.0009893958245983,0.9600829858191795,1.0425422657877388,1.0359563605142124,1.030493825641356,0.9958280905925426,1.0121366583954554,1.0329278454526334,1.0415116102901716,1.042624149560009,1.028637648903335,1.0075632075283703,1.0117506212129683,1.0305597114177831,1.0314062157413888,1.0524960672261268,1.0468581446941965,1.038537915500256,1.014230777893573,0.9766772070845369,0.9966331326248712,1.0363787967294176,1.0036917585852916,0.9934029937718057,0.9911883937915165,1.00996547608468,1.0230076465786206
62,1.0443445266105253,1.038094018817045,1.0743804343136303,1.0647671998855894,1.048020442598628,1.063041433811743,1.0914752080231784,1.05356864195147,1.013053461031172,1.0708083666181327,1.0824307526681003,1.0654337191286156,1.0387870222550133,1.040627951098527,1.032497080315343,1.0416464785167239,1.0629087989123438,1.0484888124995646,1.0803732933584904,1.0483105907728105,1.0393699917282773,1.0251433725799035,1.0469233052003786,1.0299946036854255,1.0378176462148598,1.0299202305654849,1.015088206856979,1.0452939638375214,1.0667103348574185
63,1.0454904799409979,1.043394103787355,1.056238235901484,1.0172282505139019,1.0537266730719363,1.0678049178322608,1.0786639067718378,1.051661071426013,1.0151775152715334,1.0662597187390939,1.0826942750976718,1.0639299909588567,1.039369561879254,1.051903810235779,1.0344143634590655,1.0450075534643997,1.0669138214062972,1.065196714751733,1.0906013806628418,1.0504391020861872,1.0405973738297454,1.0214445831342953,1.0515314769944053,1.0314291574002237,1.0413397506443425,1.0197520110992693,1.0212759491607937,1.0368347999099983,1.0487902688671018
64,1.0430777790473562,1.0318793781811892,1.0485541153257854,1.0408341409066924,1.040626561736316,1.0576904560793368,1.0400525222618315,1.041075946270318,1.0161287383726614,1.0425244322292995,1.0667455725738437,1.041013409427147,1.0266119233035857,1.0320517284450426,1.0249988135853638,1.045507727993049,1.0500348111369895,1.0449043097054682,1.0519662077788774,1.050102882730213,1.0452663479623847,1.0241673264189994,1.046837637732716,1.0371164661646413,1.036443854650755,1.0262281635024542,1.0312264680086765,1.0320999680476488,1.0362581877565893
65,1.0415292214118164,1.0299664630761522,1.05607112749567,1.0258862127524562,1.045899865525714,1.0486530966036045,1.0670795688308425,1.057981694672797,1.0213902518764473,1.0553770429235376,1.0754768144574287,1.0388760175805085,1.026285827282452,1.0264138681681043,1.0237770968654396,1.0380838153784122,1.0451208323768366,1.0487468492508385,1.0456942216765586,1.0544254447513834,1.0426666860541223,1.011330985544764,1.0241256488470094,1.0419298725372717,1.0206581290728691,1.0185375813470923,1.0242685449899858,1.0151470290681737,1.0197404821685714
66,1.0465236905474582,1.0367624269605438,1.065226836815716,1.024285915367817,1.0500522010769733,1.0534552341277008,1.05354354918882,1.0537379686139035,1.02859154898195,1.0469783244677981,1.0661268296641142,1.0379365700427778,1.0372008957258478,1.033602094501901,1.0347689118666379,1.0287276209358058,1.0504906290213447,1.0482400692935423,1.0427812112962853,1.0447218570378767,1.0480870954858932,1.0107391189590553,1.0227478102115701,1.0394799801961887,1.0232117179083269,1.0192107972724207,1.026739041751351,1.0218039813949777,1.0304158770999061
67,1.0453317773807176,1.0380257018359906,1.0589021976484594,1.0269455629974,1.0460611408993947,1.0521218106864738,1.0533750307396696,1.0427079863058493,1.0304280108134978,1.0496052818461714,1.0667754237332683,1.056213827760753,1.0501265289357071,1.0385979205689082,1.0354162802644478,1.0402298042121179,1.0548978101234792,1.0424533168668968,1.0444382354322919,1.0607904881939154,1.045995923670118,1.0149908231975762,1.030344099643538,1.041544440718736,1.0285918600768902,1.0189594893822098,1.0297772597954935,1.024765065072112,1.0330975647389782
68,1.0519845788026316,1.04254526498602,1.0515191728719528,1.0304090458174993,1.0481781218838335,1.0435410698424175,1.0530499310107897,1.0402686608696403,1.0281355879801946,1.0435474828486855,1.0613741950620892,1.0559880060738027,1.0482915146250296,1.0483523451606998,1.0438654829371503,1.0341944597305603,1.0613456535487016,1.063653388662038,1.0432086773598865,1.0467115462222691,1.0511504858618852,1.021727296674037,1.0338947338061635,1.0394068394139093,1.0311637397218674,1.024197121645631,1.0250620864542042,1.0321881488787692,1.0375582625844322
69,1.05268357563973,1.0425672168579905,1.0509554879987637,1.0239379595072013,1.0460500028660038,1.0430322365573927,1.0474716899155523,1.0366614124209825,1.0305264941371735,1.0398460269961904,1.0530243345689607,1.0523030007050966,1.0525989704901548,1.0467081968656229,1.0401902091290653,1.0366557536253973,1.0598348910903572,1.0543949914671584,1.0325874116541338,1.0450602005128122,1.042413072486023,1.0122503835592593,1.030443125295994,1.0365392785760368,1.0251842013921897,1.0162209212225664,1.0223875906628772,1.0213136491681578,1.0267302961887086
70,1.0508795350775775,1.0400379075052892,1.0433516310268751,1.0290230309838468,1.0468280426119136,1.0381249669221289,1.0281515850473133,1.0354736041376276,1.0342028885450312,1.031365622651019,1.053005294529807,1.049906217862907,1.0585435145192041,1.048174684455861,1.0444420441143636,1.033306501258015,1.062088933109184,1.0609592497775222,1.030047683784897,1.0340734382892405,1.0458495288783223,1.018753632404557,1.0283087453873596,1.0321429357794238,1.0288288816887183,1.0200576920129103,1.0244787804762738,1.0201913316611244,1.0206105188847243
71,1.0523269300503706,1.0444962183621176,1.0517646768598925,1.029152516967243,1.0483359434424429,1.0330215094594244,1.0217055740345167,1.0330286743264487,1.02913948687581,1.0276386002979319,1.0556778816340215,1.0551615919589044,1.05345346116451,1.055793921573625,1.048920759332911,1.0331327337415512,1.0618913981004081,1.051338093329749,1.0282938203534333,1.0332984834166308,1.0467101484546057,1.023360482707426,1.0214845040708378,1.0201531491354392,1.029167121202723,1.0233518420212124,1.0304467227035066,1.0226696141301963,1.0329143821516742
72,1.0526442678567485,1.0443754464158785,1.0403930158432442,1.022440331574278,1.0464083562091442,1.0253040796438009,1.0331927878216305,1.031776793548009,1.030580959686131,1.0316861446522199,1.0592519731276984,1.0549818354275076,1.0600594968418313,1.0490186476723753,1.0498069215149153,1.0324068050576534,1.0567231045661498,1.0557508002844245,1.0264320168756582,1.034124492408266,1.0435337398571864,1.036805585755579,1.03278928002837,1.0229464025948598,1.0307520781824075,1.0262562886736424,1.0279959291939063,1.021809706848434,1.0326813510939201
73,1.0515348012167391,1.0414045612370133,1.0408358133248559,1.0274243541456007,1.0448621618726266,1.0286434179578452,1.0191019301940278,1.0308959284911852,1.0342047664683478,1.0264900169913214,1.0438104588964268,1.0519836038322843,1.0567549634480933,1.0432257514259669,1.0381884965420594,1.0373084410535045,1.0586406960197439,1.0512889493625155,1.0240440820004302,1.0406090416712155,1.0467720783538346,1.031515577246893,1.0371402559568166,1.0323476787406793,1.033749061136309,1.0160559980760375,1.027936834123351,1.0242796298214119,1.0313794906382823
74,1.050029642037327,1.0428445180433175,1.027422268412471,1.0216185291004434,1.0428737669079464,1.0215442605692444,1.014306443082011,1.012932796998696,1.0318179721039944,1.0168522491787837,1.0368499713154047,1.044339500548815,1.0391552109296154,1.0449531429909518,1.0363445689640776,1.0245727024811089,1.0501528874195232,1.0512290135063638,1.0199401902414673,1.0307154298077068,1.045051276661191,1.0210543380173438,1.029426791505389,1.0199914173492293,1.0296927902028952,1.0180443440369897,1.025147527108508,1.025821416250878,1.0301437128887285
75,1.0470804576024655,1.042629984247186,1.0213463267947354,1.0196521111846115,1.0440438615054457,1.0184795850820567,1.0056630535469058,1.0106109340404577,1.029061583480634,1.0149543603063658,1.035187382644468,1.044068446725848,1.0404175619802016,1.0373192141999446,1.0396340879005506,1.0290947491175535,1.047446657638323,1.043626021858929,1.0173576102263615,1.032965798421991,1.0406842028689032,1.0213646933555918,1.026947002338896,1.020038097728654,1.026806061136465,1.018513946102609,1.0232955226317573,1.0193746475590508,1.0208958750464527
76,1.0436421680990686,1.0360016471832703,1.0126368101501486,1.0161489601767217,1.0365601480293394,1.0130753587831183,1.0226951222420098,1.0080964457854977,1.0274689679522142,1.0195768632229165,1.0311229107182767,1.0278352093930572,1.0307898424042639,1.0203515328388915,1.0348106258080263,1.0274831487260665,1.0368063741812672,1.0417455318877085,1.0114769092475722,1.0282765950535842,1.0409112651788996,1.0142466237062058,1.0214676487807568,1.018266926425532,1.0224236970033524,1.008998943184252,1.0177085970033686,1.0111200498809254,1.0240907569220299
77,1.0380513112422054,1.0359148861667813,1.0117813835624747,1.0194555534049112,1.0392412604108903,1.0231280196623334,1.0361699868505392,1.0030888801335553,1.0307661319172376,1.0215419480277517,1.0214039790222638,1.033542751180049,1.030327329220597,1.025654389973575,1.0406636504077633,1.0193830231810024,1.0361237071509788,1.0460419336390414,1.015576651127187,1.016348498526256,1.0378194135079226,1.0249594136935183,1.0316940691979222,1.0075189733035028,1.0262195073680092,1.0156988700231924,1.0225088156408477,1.0207282837390048,1.019427703201907
78,1.045895904130969,1.0394352447519752,1.0131931121051094,1.0145597211974196,1.038053771077073,1.0125196954236049,1.019941333864712,1.003861208016744,1.0261246872549217,1.0133745784974322,1.0200798747362172,1.0303926985015792,1.026820835032198,1.017509395455446,1.0289430835907714,1.0157325321885653,1.0301727623470982,1.0500922389584784,1.0061996182645208,1.017607751208786,1.031213465825436,1.0162163656377463,1.0223292240577122,1.0112182108567311,1.0237305343160874,1.008574589134093,1.019913884921024,1.0237881871793977,1.017851428629937
79,1.0446869180346499,1.0388077731419592,1.0095244011287403,1.0079212202109444,1.034097605674421,1.0080443387807185,1.0103614801420973,1.0037097178906287,1.016121006802914,1.0124296359452778,1.0146805519645716,1.019936989737454,1.0256599061496658,1.0103699227317375,1.0206851524782623,1.012382393346602,1.0223017366697111,1.025519497534416,1.007683223441935,1.014768819890218,1.0314501066714723,0.9983823418527028,1.0194955792089055,1.0106414109711104,1.0168468203395602,1.003979106649486,1.01749554054141,1.0136465806272204,1.0086833792779941
80,1.03539495796622,1.0332908482857217,1.0005786440297226,1.0061374421107272,1.034698039705199,1.0051623102108342,1.0108843979756652,0.9948367624149888,1.0140227072709425,1.008840312210872,1.0054015932377727,1.0088105385117767,1.0104682179895748,1.0028461096066477,1.0236122093111295,1.0130182032309958,1.0206475010282043,1.0282428888318451,1.004113459802275,1.0121995341076333,1.0322510064274466,1.0074151804375848,1.0177028566835011,1.0082858132413124,1.0150576968411078,1.0042169322296106,1.012391614390093,1.0160046466916912,1.008251463397819
81,1.038901045430408,1.0275655004204503,1.0078578705164298,1.0113882101060878,1.0275293347240124,1.013922273808951,1.0107299488018104,1.003387071374571,1.011281076128463,1.0124608665087462,1.0057454858827597,1.0091951960071208,1.002423909153895,1.0002116928132816,1.018557505799932,1.011766106079332,1.0173327732421529,1.0169463259060563,1.001668654074543,1.0167683314970926,1.0268900710350968,1.0172606080468167,1.0208905044593748,1.0087728052802238,1.019155581850463,1.021140072337011,1.020367344746821,1.0174610332121738,1.0147404909225122
82,1.0366116588368184,1.0290312447381855,0.9962631161200926,1.004066359567773,1.0294209932679539,1.0026995238484113,1.0057248609493052,0.9958091536310315,1.0079591956969933,1.0094753236500384,1.010287909549399,1.0110356036050954,1.0118125908975166,0.9980642451234418,1.0123384496923309,1.010665044983551,1.0111539141253123,1.0227358491610787,1.0004044100683394,1.009168883020361,1.0210181351995387,1.009410144505784,1.0200167266541993,1.0068669756496247,1.014004515486037,1.0018179878256082,1.0126572417878785,1.00177296958413,1.0040287442890379
83,1.035873616770926,1.0281421703129818,0.9964584031717356,1.007585179129364,1.0217525839312702,1.0023485118953712,1.011787312421915,0.9951897746728569,1.0028001354487739,1.0107132989410703,1.0131306733328724,1.008236941921454,1.0169483444502607,0.9959461808127422,1.0139809293320308,0.9994016333003024,1.0101378476595213,1.0128972967642893,1.0020361396562991,1.0100295348197417,1.0231363361494468,0.9992871445361694,1.0029382603638444,1.0175977292147973,1.0088301314713541,0.998681962693028,1.0089635140930477,0.9970584866111444,0.9971885548090994
84,1.0330513781042596,1.0228937409744627,1.0068909715901104,1.0034877551440304,1.0214587206565573,1.0048863631005471,1.0127353441674178,1.0052446279551945,1.002267638344497,1.0085351794783883,1.0056747887362596,0.9948583806611057,0.9930557448919203,0.9882819312608347,1.0076488650187836,1.0042835296811796,1.0045791399190283,1.0114219284196966,0.992567706559587,1.007455936173286,1.022480266722315,0.9992957140528502,1.0047575846131969,1.0072437001753833,1.0068575256981513,0.9984646245676169,1.0054570424117706,0.9976932826970759,0.9921366643495502
85,1.026700460411627,1.0219803153275917,0.9967928346165211,1.00181136185025,1.017596119881561,1.0021493648247977,0.9988460177754578,0.9980646719229317,1.007126641960316,1.0060304827778657,1.0013908539513638,1.0024320993735216,0.9911542790755742,0.9905738541816741,1.0129962134456398,1.0056392314882288,1.003911795255293,1.0111589855196266,0.9976573047696888,1.0069118479998886,1.0237962292350775,0.9964927411163322,1.0108552183106412,1.0052896400047313,1.0068086543113444,1.0007971954552042,1.010256150338192,1.0056882119240564,0.9941671104086708
86,1.0316688361702164,1.0174331726207153,0.9951133549627416,1.0016363529447463,1.0167214981575041,1.0058805898338363,1.0182081637025515,1.0004728455594285,0.9981536871346086,1.010696835766738,1.0055996369760138,1.0000089110925952,0.9965025930639689,0.9901071856182946,1.0072577184164833,1.0107619306048399,1.0043522935096891,1.0117273408597538,0.9973104189270479,1.015566755801687,1.0209456644034327,0.9996602377229399,1.0089459814968522,1.0075870660565576,1.010263402847198,0.9996922907815887,1.0098029544765603,1.0083554782955002,1.0056667852183008
87,1.0184897897138316,1.01675778658879,0.9939047700191921,0.9942877584545101,1.0147930778121954,1.0072236333705387,1.011216100165664,1.000245573828067,1.0063605797299593,1.0057726435353995,0.9933751957107381,0.9958791914576953,0.9942602356757638,0.9922350655023494,1.0144410931328334,1.0034122737818543,1.0080348675563795,1.01210666079865,0.9983459625047068,1.0062135582850507,1.0224189074301222,0.9951154832385538,1.0098046083187502,1.009690996401889,1.0079056141366602,1.0033711105197296,1.0093610907244162,1.0013906984540188,0.9933061110019423
88,1.0258202134974992,1.0237247064001396,1.000652621827617,0.9930645536345929,1.0195024228525327,0.9965900944714903,1.016093735529461,1.0043325249179842,0.9958523162626673,1.0184474568588158,1.0074318228291974,0.9987869707711649,0.9984871182487501,0.9904700902668248,1.0122502897071957,1.0002754253342439,1.0047822619427973,1.0011725571357755,0.999118508953534,1.007253616746863,1.0231392395368275,1.0077119764138947,1.0107828132233787,1.0095436864139953,1.009952757601552,0.9920955360984031,1.0057733959817519,1.0116337011936565,1.001975348288226
89,1.029187830347794,1.019309068289774,0.9955438383820294,1.0050084889000181,1.0154279315497232,1.0176042201843598,1.0126288428436767,1.0110824933972355,1.0100708570091377,1.0145696564486808,1.020078371489107,1.0020409533234615,1.0003574840214076,1.0059662252058834,1.0272318705836714,1.001316926312253,1.0130356415549258,1.0387837469776036,1.0074756301177092,1.0127400885953854,1.0312002100618765,0.9979290715634006,1.0214980541644794,1.0122393449087979,1.0156268259517072,1.0041332351547634,1.0114556325349204,1.0155609608957972,1.0129329931937918
90,1.0153313843397973,1.02066354593793,0.9933909315917749,0.9915477470386697,1.0178779308796384,1.0019601171331913,1.0087482222792898,0.9985710531981836,0.9985698981020961,1.0036174849206512,1.0032884980927979,0.9951642416657479,0.9926842159273443,0.986933232945151,1.010097203293125,1.0029952354484808,0.9983448415301092,1.0060573013848935,0.9955089733348926,1.0072477419774826,1.0220694436153364,1.0009326946248809,1.0127411058852251,1.0098185178083776,1.0045916239744723,0.9969590917908591,1.0102954943770923,1.0063463542722335,1.0053307270187501
91,1.0145269222446578,1.0147083059808435,0.9976783491796181,1.0004687264143242,1.0146932371414525,0.9964205586983487,1.011552339695091,1.0117566931504218,0.9956509672120575,1.015206982554494,1.006021768463909,1.0000137197072339,1.0004734463407186,0.992597399766742,1.0098192373195227,1.0028530271069087,1.001227718395492,1.0045035286656874,0.9936621701195167,1.014780623393276,1.0243957203187894,0.993933100525588,1.0016825488522783,1.0155325758543443,1.0025177545116262,0.9973778563698527,1.0088789352698764,1.0017441882232303,0.9933701199586389
92,1.008788088357958,1.0135967186653432,0.9821659601701397,0.9911256767251808,1.0168685538045095,1.0029459252415533,1.0017580001310693,0.9835491550726594,0.9970312168200359,0.9984862209719402,1.000288614542971,1.0054003300131595,0.99937156118851,0.9910594206078984,1.00768521401403,0.9990286177382101,1.002954243707414,1.0142569521661944,0.9975430931056832,1.0091549342888049,1.021313398848047,1.0055585268711822,1.011119029688933,1.0056787196420525,1.0071959920932347,0.9998954272955748,1.0104122573289789,1.0013856650572839,1.0045800066238628
93,1.0093150745625519,1.011802736964582,1.0002014430130484,1.00467153186009,1.0110440697618877,1.0010588847751274,1.0069375221531147,0.9932932641912592,0.9985767384478997,1.0046847689826326,1.0075591988682657,0.9967880116951142,0.9941259555558717,0.9850528443700028,1.0108026247636634,1.0062892430847312,1.0015042914094872,1.0166939304464007,0.9965582472204775,1.0121216061708944,1.022872595182287,1.0016891215710098,1.0104366634970423,1.0092941226878482,1.0052193014333441,1.0107833725120619,1.0060692699130724,1.0067492969449392,1.0088236833470288
94,1.0175595866306748,1.0121488014888027,1.0017432606791896,1.0020747931379808,1.009219664381648,0.9997839116388005,1.0136685097850973,0.9924760447913437,0.9985655737528583,1.0098822326947559,1.0030573260176592,1.004718032878769,1.0069739797769381,0.9904965413022931,1.0145970986192867,1.0120918062980717,1.0012159728012384,1.012066279263956,1.0032598969457565,1.0159157846120503,1.020242362076053,1.002592431052187,1.0092179103532704,1.0146906204268342,1.0044635082319926,0.9988646290250375,1.0084969172850033,1.0061540619204,1.0004468087052534
95,1.0185068409404439,1.0152215315973614,0.9914261830879219,0.9870504273378271,1.0128108714711441,0.9977820136785026,0.9973987826802099,0.9877494965661254,0.9943373860915168,1.0001570803357989,1.0048463988096623,0.9981012616878892,0.990695154062625,0.9859660772496681,1.0081615453897241,1.0058412655077293,1.002837643786356,1.000484414838211,0.9941821054695473,1.0069109407720165,1.0174188240516386,0.9925916886568176,1.0022143968263268,1.003341255631305,1.001574251084587,0.9958140848525441,1.0029591586484403,1.0024599642042318,1.0056077996649948
96,1.0171722534195535,1.0130839379165817,0.9926606990791378,0.9985164207235038,1.0131047678272649,1.0096473653191058,1.032734118054642,1.0203444437713491,0.9958938939278178,1.0241590320254426,1.0136788986195913,0.9974475101751747,0.9982202348036913,0.9908850686078039,1.0085888597674,1.0055375074221833,0.999019122469465,0.9990288624481247,1.001624516196728,1.0111879812748639,1.0203028252810344,1.0009476726621296,1.0070493151682978,1.0136078874023884,1.00848711231675,1.0031328033727025,1.0116244781606765,1.004369253995865,1.0016364913232518
97,1.0140086715019143,1.0127285059866369,0.9996813481656784,0.9970001282710764,1.009382996754282,0.9957917738367547,1.0113206156611063,1.0025428240527112,0.9974586487664167,1.011176183398511,1.0111430710684433,1.0049148828321013,1.0023565121246003,0.9930114002343404,1.0128453896239538,1.0061033991704098,1.0065437194698168,1.0058143149784597,0.9997414302440585,1.0103700627833476,1.0189672897906203,1.0031155688763655,1.0068048610214182,1.016108433076204,1.0078278632910813,0.9992087095304576,1.011475857749466,1.0060536014836379,1.006773452407435
98,1.011943271341651,1.011402293208346,1.0077681912163587,1.0206701808252878,1.013099971130986,1.0023604131578425,1.0106283547029238,0.997509475160601,0.9939362326292991,1.0037519608225105,0.9980661908224749,0.9968448414208249,1.0005731694261728,0.9891674527950335,1.0098688834003886,1.0015469935145578,1.003954572654662,1.0038682882397871,1.0033625422672718,0.9998739678025902,1.019536100201764,0.9909132737782455,1.0005479348711757,1.0004674163540344,0.9963281543712849,0.9928372685108001,0.9992615412301019,0.9990020204372049,0.9946696605091682
99,1.0069225361539933,1.0115490615764633,0.9973831916160172,0.9969811990524138,1.0126131410964878,1.0027076222648124,1.0041742836248353,1.0036519923896077,0.9969144214032686,1.0085566173389993,1.0047949797579148,1.0033529817578921,1.0006181751215826,0.996307796429691,1.0123366352256427,1.0003836271411,1.0051329170327687,1.0058290303656665,0.9991927375319092,1.0039791732375172,1.0184719224461125,1.0009986464730358,1.0042844709305252,1.0151686982331911,1.003513275845802,0.9987565707450426,1.009660212844054,1.0149900522146267,1.0058167040245787
100,1.0104324843085437,1.0152728133131952,0.995088940809178,0.9964965939621974,1.0121668354689337,0.9980866446927723,1.0029930296705218,0.9991949304041567,1.0010956025227873,1.0074124726511555,1.0069202039749359,1.0042557964102377,1.0025031826243445,0.9994923606850411,1.0151316225507903,1.0139670160675849,1.0096589469509296,1.0129241536772464,1.0007613402360134,1.0191725349178828,1.0275468226301543,0.9951412126574843,1.0025084989942032,1.0120617607783866,1.0048176217258102,1.003469567695677,1.0163085530451774,1.0053854941555023,1.0112409537636065
101,1.0104420193200083,1.013872319125998,0.9993861523199918,0.9963779989247674,1.0117914770837295,0.9980892819829051,1.0169587398583126,0.9984421914391256,0.9983832250516088,1.0131202171365286,1.013083314593062,0.9963531418046708,0.9944420794998357,0.9958539749315928,1.0110228397041678,1.0095639175267772,1.0035158457797566,1.0131064620685206,0.9992562187589085,1.0155007384271946,1.0260753152540891,0.9926029774521656,1.0054040836314595,1.0146408899247303,1.0021467045479948,0.9948533593015293,1.0032234244352844,1.0016231444075394,0.9992087173738814
102,1.0035624237187393,1.0100904744990666,0.9917392019047719,0.9953081896569088,1.007566279174938,0.989135133029964,1.0056006411042822,0.9832194467160482,1.000040381872028,1.0032126854467922,0.9998021638340491,0.9974133026633523,0.9994988816284839,0.9959331266744158,1.010589201936938,1.0045834169756103,1.0038956718111858,1.0142730269897406,0.9951973969418471,1.0089236594034827,1.0193995669982545,0.9825702200269179,1.002999536212206,1.0095713386373024,0.998237955906464,1.0004607333463713,1.0050084558264334,1.004084354800897,0.9970461595390487
103,1.0096570385986103,1.0134693020509338,0.9861105911174542,0.9944433246555859,1.0118239013656065,0.9913579102482504,1.0045140921439897,0.9966883125868075,1.0044801010245437,1.0083526190547842,1.0013515171844698,1.0003673051828594,1.0050259655713627,0.9982095345216754,1.013169570890329,0.9975799896367801,1.0070533572233313,1.006595535896139,0.9946395602546788,0.998268751581346,1.0177896199714864,0.9843206014823219,1.0026028830554716,1.0070996076691643,0.9973139125659423,0.9894765535783745,0.9956051480790086,0.9846769735833171,0.9834459990109813
104,1.0210395628405136,1.0110572353662048,0.9967060291612826,1.0116592699550122,1.0077855865555956,0.9965369261488086,0.994590177692833,0.9899371601561627,1.0016156648507093,1.0035873911624402,1.0080320983793767,1.01010414108595,1.007844921282103,1.0025021232056328,1.011378084232832,1.0054827524622814,1.0052344276974157,1.0246271076563336,1.0018746575058095,1.0038782802367683,1.0204934279506044,1.006110573662057,1.0004499942841991,1.0085713615988063,1.0042197125083665,1.0008342019199805,1.007355487577536,1.0020305087562686,0.9969243333963352
105,1.0231584881464468,1.0149491052036228,0.9909347823711321,1.0005412531125324,1.0103596972962516,0.9973389904728938,1.0067465780849456,1.0022685971638883,1.0075907528787857,1.0101289384987153,1.0103360549776357,1.006209186452872,1.0005178736515374,0.9965301066478555,1.0102212845519158,0.9945132324893533,1.0060436181961905,1.0193912951306372,0.9995159874722529,0.997954620889325,1.0229452995951274,0.9884307537161164,1.0018642779952975,1.009248290363751,0.9985814358935197,0.9903777402536382,0.9983999820949407,0.9932912090030832,0.9961282949176159
106,1.0035093524999785,1.0075246690667183,0.9802927886765872,0.9910030376442476,1.004500696694087,1.001461762956899,0.9896798503656462,0.9740946985049831,1.001227336770435,0.9957370359635712,1.0097981188575795,1.0086666086377962,0.999156262250231,1.0026943749623007,1.0098992139323737,1.0104417058499857,1.0142509108884095,1.015776796071423,1.0020552047255369,1.0129977153223055,1.0240701752465151,1.0044780076237743,1.010689876460692,1.0065865667149396,1.0131780016781284,1.014315648181734,1.0145733891494055,1.0022688662315287,1.007922533292578
107,1.0164470905012513,1.013717181245931,0.9918663760693787,1.0034467174872175,1.0055649541380711,0.9946962577501528,1.00935325253492,0.99818201733339,1.0025731976239156,1.0063776529146928,1.0061171477213153,1.0142483438272891,1.005960810665364,1.0073913702961785,1.0088395936171637,1.0015546248368956,1.0099234942516442,1.0284764327285396,1.0009440418719662,1.0052335507464636,1.015916864490637,0.9974853502053533,1.0037665899867434,1.0073037484431595,1.007238003979497,1.0046699361053848,1.0119395389746877,1.0024901925438654,1.005218990167325
108,1.0215371651193887,1.0063988126741603,0.9979222384634482,1.002780513634365,1.0060029426243995,1.0012421592084533,1.0162754463350612,0.9937273709212694,1.0060586521844335,1.0042814605488344,1.0051084200821998,1.0069499636525905,1.0085041796778085,1.0027838804880589,1.014080186704041,1.0146980084396608,1.005756653321782,1.0078762282909606,1.002921324036939,1.0111045340209301,1.0200874478654829,0.9992223247652048,1.0122996597541243,1.0067853321975118,1.0084457902099448,1.0059345922142466,1.011428035578616,1.0035007580406605,1.0147375458320849
109,1.017787288487393,1.0057584420084427,0.9879094041881463,0.9912701284835324,1.0078403722505573,0.9926852694892555,1.0009127054325058,0.9961943739691477,1.0038635752582108,1.0049007240162364,1.0121314422402028,1.0108166406000099,1.011065484007306,1.0071465563384396,1.014763455047616,1.0078390965117008,1.0073395785221555,1.0151462962894566,0.9979639606429435,1.0077361425822293,1.0182774999069988,0.9924803918948933,1.004148449937227,1.0141655590234901,1.001574451039225,0.9937056602910147,1.0082792010910777,0.9913694631757344,0.9980420464820122
110,1.0176181254918693,1.0062683816587812,0.9859152980359659,0.9892602537208863,1.006004404591921,0.9986675704406581,1.0064562250906255,0.9881269012983964,1.0061004671824578,1.0001854640273284,0.9970596123015635,1.0088411135312045,1.004838806738276,1.0013886138969001,1.0129801758586685,1.0104220586163497,1.004980405423917,1.0161047660984552,0.9955780839934563,1.0092582765108575,1.0170183170372202,1.0018767677070557,1.009019891197936,1.0109785910278388,1.0061655949513586,1.0014217628922568,1.010058159530352,0.9958171789299711,1.0005712434980976
111,1.0158941463114117,1.0071679465581747,0.998092032396778,1.0016633868054485,1.0044029921905404,0.9965850795050121,1.0189476158719972,0.9999355961841261,1.0073493758550645,1.0151939924712885,1.008719863517451,1.0177484385669517,1.0080644300289838,1.0056510729256911,1.0068862447102342,1.001887963787424,1.0038373351570025,1.0259156398561315,1.0002067766676355,1.00119810456177,1.0157306426871797,0.9873309927848452,0.9923817056935117,1.0056053543793197,0.9981430329945097,0.9982986510488429,1.004193658022534,1.0034131918312001,0.998479985006382
112,1.0089391402965786,1.0067044124350453,0.9975671898205493,0.9955250208992255,1.0027189683766784,0.9926922979628278,1.0044154791857853,0.9918481612462243,1.008117171762589,1.0013416329928755,1.000929152414857,1.00814470162468,1.0001055137269386,0.9983152639835714,1.0021361993479236,1.0080582617992062,1.0022966384720533,1.0059362715274227,0.9979745646720469,1.0034629705906977,1.017124580508696,0.9863429219378188,0.9916765946383577,1.0054276770745043,0.9987853607640054,1.0001983521791022,1.003892044920894,0.9944327798522389,1.0036931154098412
113,1.0175457639989216,1.0112057177614593,0.9939999529121022,0.9880172650409453,1.0087264157280036,1.0063522530446503,1.008026839072399,0.9912542350561546,1.0079927929085022,1.0060404605392348,1.0137364861254312,1.0094239689411337,1.0084023536086046,1.0034333090922727,1.0098756915412623,1.0089661714019007,1.007238214527665,1.0170023421879169,1.0032303299000849,1.0068890368233359,1.0165093185957959,1.008337140692718,1.0057460197580823,1.0073836530806302,1.0080780995575895,1.0038534656140623,1.0127652663338067,1.006302924254191,1.005267584861439
114,1.0187394146294846,1.0095478346015707,1.015675900443765,1.0040937688639937,1.0093505695004024,0.9967788569285368,1.0112000425794252,1.0039647389751223,1.0073845455241264,1.0077104503538525,1.0019785379538755,1.0074069702979362,0.9990536217854861,0.9993835476288839,1.0049796361896968,1.010554683943836,1.0058757078352991,1.0008902899270862,0.9984455164159639,1.0045549521598698,1.0195528314566689,0.9840565437453699,0.9942534376384373,1.0014971400912718,1.0016957569054992,0.995817457593607,1.0067495515927964,0.9947752857774385,0.9943228779611096
115,1.015976553809542,1.0116213098438205,0.9880783466681459,0.9935000292232197,1.0116572675618922,0.9949367139874924,1.0146367516587862,0.9866986966638258,1.0082576841124595,1.009493904167978,1.0111244532740469,1.006646415825425,1.0104100001444256,1.01216633357602,1.0123732707178417,1.0067531995786856,1.008297865180866,1.0157289484375527,1.000682687085994,1.013341869517207,1.0170910089206204,0.9980613339684852,1.0117674210473613,1.005703595508496,1.0040956772298721,0.9994784267584791,1.008913836351044,1.0004023804349254,1.012834157965197
116,1.0066340385940795,1.006340629495676,0.9930698938533508,0.998015280310318,1.0054938381708307,0.9964880880103892,1.0032680593597942,0.9877271195928495,1.005957230018312,1.0007368578720377,0.9908215193423878,1.011882075256063,1.007773011957638,0.9969834106811928,1.0097697975220319,1.0019371068692189,1.0056429272705805,1.0176976503527255,1.0032027105220305,1.0008320125355805,1.0160428860459645,0.9926722319711048,0.9960401581256604,1.0033369318497911,0.9972245154843853,0.9881774838883884,0.9984052029838564,1.0021917497198685,0.994306429547903
117,1.0050611028555287,1.0082184192927084,0.9920032407018148,0.9943708486620311,1.006017875940874,0.9928903488148882,1.0033159926238318,1.0001640302637078,1.0069716787280045,1.0036596371688644,1.0040399751339217,1.0020639696353326,1.0072260332326786,1.0028475531235443,1.007740601288106,1.0016725980260137,1.003816772075432,1.021211420048324,0.996997860725116,1.0063858770690945,1.0168678645731168,1.0119260462100148,1.0088917322712492,1.0091333842310428,1.005820372139212,1.0074640274139417,1.015823690436111,1.0066161666914348,1.0015985306754256
118,1.0137529217806143,1.00660370180697,0.9869979558148319,0.9889354985385244,1.0090466944979712,1.0023796602117108,1.0059770032883606,0.9936013277981031,1.0158056602107983,1.008062953075786,1.0040262691481223,1.0154881116674193,1.0216857346554757,1.0092794515240617,1.0089940211281103,0.9987500866559663,1.0081638735553802,1.030825943951517,1.0023814729641467,0.9987641882709861,1.0138690927305594,0.9879039329890695,1.0010277168605162,1.0021908274977913,1.0037959009972535,1.001478571946337,1.0024359045084426,0.9990760950399092,1.000385886807133
119,1.0113783390845954,1.0039282958078013,0.9865838623915619,0.9832303383568552,1.0031093381324807,0.9966429503927836,1.003680936473498,0.9816682645434235,1.0056815407701434,1.0021889486592148,0.9949591899445562,1.0093234137605753,1.0106306408932513,1.0074977220909447,1.0169536597364617,0.9971874267748009,1.008294145085727,1.018849970424171,1.003248305762592,1.0004329053509198,1.0143316093914425,1.0043532197443863,1.015079368134331,1.0006968656877269,1.0074806789961677,1.0012603434367882,1.009354817070751,1.005479677284349,1.0048265577126962
120,1.0173081116222358,1.015033711319907,0.9989437411449202,1.007169583233657,1.0157777918834148,0.9898967260198126,1.0018029216157007,0.9904640926347605,1.0080878009591199,1.0033181706755936,1.0065827183235205,1.013216615736944,1.0025687999406114,1.0065440412398037,1.0081313897049533,1.0109899995688727,1.0126176187303135,1.0169412339177692,1.0031546551223014,1.0119811243685357,1.0167684223330578,1.0002760374720725,1.005774229389733,1.0102882588565605,1.005272705171753,1.0120231809229425,1.0072381892495135,1.0141798251575063,1.0055493274251157
121,1.0110447157903428,1.0134106745887215,0.9909968813335666,1.0098152919952046,1.0103395277312908,1.0022623574845608,0.9901163774558694,0.9922206939823792,1.0137619096906638,1.0029905405605444,1.002920701401244,1.0111507842519132,1.0071037974311172,1.0055984486219531,1.0085567420361707,0.9987422988169272,1.0075208571334162,1.0122126182787217,1.0020821487708869,1.0027876723663636,1.0153034213684082,1.0015817795316626,1.0063978098613533,1.0072538124396444,1.0024996498030028,0.9971765540101378,1.005836677701568,1.0040123675545234,0.9990917756602045
122,1.0143137153141455,1.0073764656485185,0.9893770520422137,0.9827859703316872,1.0041924173566548,0.99587789210341,1.0039792626204578,0.9981473334423282,1.009332945628055,1.001245170133158,0.994900358222887,1.0110716324976592,1.0085171620172837,1.0107637546839308,1.0166948247950096,1.0060872382067785,1.0110680683069306,1.0111142036693548,1.0009630955678122,1.0108689748183677,1.014978730024387,1.0053384462461086,1.0028866450579816,1.0126177373305087,1.0046206155699677,1.0096462007257847,1.0108365960030798,0.9943098428280966,0.9970528227908783
123,1.0163482794039007,1.0092877958022446,0.9947684029859535,0.9928236622565518,1.0078359981898297,0.9989492178197248,1.0039978479483869,0.9956262439071436,1.006363892351517,0.9999578559100054,1.0117414418767197,1.004981745674413,1.0024053344664023,1.0071304292282737,1.0118300247747862,1.0063419837867076,1.010458653025335,1.0117749100045168,0.9991703740064628,1.014780584062506,1.017316468527296,0.993723217904598,1.0042982716621895,1.0117231720243005,1.0020458052128707,1.0010970320757668,1.0057875914695162,0.990532830517526,0.9951838905434136
124,1.0078650620000094,1.0067912672477854,0.9967025488256028,0.9917294460632049,1.006937208446024,0.9982252483532454,1.0027937324346032,0.9975553053098544,1.0140120568644415,1.0068777030603637,1.008882498811183,1.014181779635257,1.010422132987565,1.004509484236995,1.0169546474925286,1.007335191168932,1.0129885587086658,1.0189434673746243,1.0025695116122237,1.0068622262867504,1.0180450228477775,0.9981715232603382,1.0070663204073027,1.0044365861108586,1.0041619533834647,1.006832531776984,1.0080137788882513,0.9968685871641647,1.0027941381177692
125,1.013780005822412,1.0106069056548623,0.9980089996236408,1.0013361563154535,1.0115208692497082,0.9993488567669424,1.0019760181443707,0.9979485209103959,1.0097521051926432,1.0026067533720524,0.9924058937941754,1.0118005715632008,0.9995123234643882,1.0097521046608304,1.0144638451882355,1.0039547380446345,1.0178916475557038,1.0043262509739672,1.0056655603684506,1.0063250979322507,1.0169043694111426,1.0125949268498153,1.0120373200329902,1.013793117274148,1.0091105787217158,1.0080906683069795,1.0117319611945583,1.0002166411862046,1.0065777505781137
126,1.0145957757411344,1.0086094854715801,0.9924169728461761,0.9926556217674579,1.0084674574979207,0.9931118807427687,0.989324147023566,0.9949343134673089,1.0050603584015636,1.0027790596303683,1.0147041251978752,1.0182505049428348,1.0020468973492793,1.0019411555834548,1.0167806502144454,1.00094717151982,1.01102806315323,1.0173533788074356,1.000803112908101,1.0046697960637656,1.010988880688476,1.0030091330184148,1.0044874663271155,1.0002291571071755,1.0060887895042245,1.0037545681075362,1.0038588212542943,1.000085941537887,1.0013981417654558
127,1.013021437742796,1.0059294332296065,0.9937788946582704,0.9982953623217414,1.0053372772984686,0.9959365039677162,0.9935054616436104,1.0017410202392656,1.0105625059503747,0.9976057445234672,0.9977570890055795,1.0190633323116716,1.0185666332763947,1.0082549135379524,1.006011802022123,1.0061071906260899,1.0101036193225472,1.0332481385101344,1.001572296007682,1.0034193783958252,1.0114753344448735,1.0015163616304088,0.9978559045858918,1.0048003830513177,1.0069362000313768,1.0058173458872366,1.0120440344397086,0.9917492662860228,0.9922727354842861
128,1.0083117475192345,1.0062539462710942,1.0001370944738026,0.9935631275295377,1.0047650552063325,0.999383175304186,1.0239300359986059,0.9942467709825478,1.010343391043125,1.0105959052248596,1.004351420135197,1.0004930107061056,0.9991136238811399,1.0009997890663467,1.0083354318661717,1.0042131638358283,1.008808538638414,1.0092559863304282,1.0005975285839057,1.0101406774485935,1.0146889114116209,1.010743624338408,1.0146378622637673,1.0163962085041862,1.0059769975466426,1.002080996712005,1.0090820949349117,1.0063354657962689,1.0052311839165806
129,1.010550926369959,1.0043075412245261,0.997493907154915,0.9937569390501007,1.0075375022509454,1.0040042708668546,1.0066793022293032,0.9968602819563872,1.013294186516153,0.9973928341640375,1.000636205304779,1.011688664114862,1.0039415273910235,1.007852559486464,1.0152868650932356,1.0033008518019626,1.008333993674707,1.0142650510545683,0.9982087538041954,1.0073822691299792,1.013210556363677,1.0067371581010927,1.0119207432021093,1.0137902595496555,1.0090266172900724,1.015351937799844,1.0106238830800038,1.0025560915015352,1.0191216302932349
130,1.017832885225393,1.0069442995701332,1.0004139177746967,0.9968530689490289,1.0048260682494718,1.002201244685197,0.9937692172284573,0.9988804260654169,1.0119773835734098,1.0065804997573797,1.0095822333210234,1.012541797480175,1.0022448541405014,1.0078292715580817,1.0125314823860587,1.005336181685679,1.0140574842205412,1.0055056601535033,1.001117786758687,1.0038055678900126,1.0163319272636255,1.009957438048791,1.013037109643335,1.0065857653588521,1.0069819346058937,1.0038251086411842,1.0109861373122644,1.0026169537566947,1.0017951609755704
131,1.017109784945079,1.0131344481588593,0.9996563823654919,0.9975948032653652,1.0070439843028671,1.0039101009156721,1.0021737933268062,1.0002808266124605,1.0111143175132835,1.0043361264994646,1.0104677198722132,1.0128356877870506,1.0122184473861835,1.0068100722470223,1.0094619723074996,1.0001979649818595,1.010800596357624,1.018010123529231,1.007568031744839,1.0004071132511925,1.0141240995849308,1.0022985692955548,1.0062302851783538,1.0048411239909298,1.0051816378335028,0.9944871213387143,1.0052548767026157,0.9999559090894188,0.9915448368886681
132,1.0182971763509667,1.0106857972646133,0.9979207907375847,0.9991189388155959,1.0086741070110206,0.9973647953135014,1.006426079306217,0.999941911316793,1.0095471099692663,1.0069117575464883,1.0022983410907116,1.0199406647859077,1.0138427001079238,1.0043191848526876,1.011931485342389,1.0117848820776512,1.0094436155774877,1.0209766887912628,1.0061109344640493,1.0076619119848198,1.0198475969013487,1.0017754972433701,1.0078552794468914,1.005708638226409,1.0034931252816959,0.999123611192617,0.9976329577675467,1.0054727638810042,1.0027589444940201
133,1.0079757616280054,1.0077957159213038,1.001959575596175,1.0062489866760491,1.004221170814826,0.9971188226178874,0.992691466995295,0.9880708679319145,1.0071787407981911,0.9969413682319536,1.0041805831733988,1.0147674535221654,1.0087774508867609,1.0027521214781048,1.008284275843063,1.0006476650913518,1.0097537820731721,1.0098694498546759,1.0039458001621597,0.9904644916358246,1.0141566789120864,1.0021579045614293,0.9948297351091064,0.9906337022845129,1.000486560543551,0.9918698354931679,0.9971674945477849,1.0004044162813248,0.9913363174575168
134,1.0285447895339235,1.0189631949056035,1.001336318706355,1.0090212324355847,1.0164688162651496,0.9953420766249113,1.0262968874985718,1.0187196526369635,1.012812053460731,1.0177869807090008,1.0110969600248085,1.0196891248193642,1.0183708205100632,1.0097255846010025,1.0104367785360022,0.998817161366154,1.0060301492085157,1.0153178435286467,1.0023199598447208,1.0017019356457133,1.011688638239969,1.0064490380096431,1.009688375175739,1.0082378732594734,1.0102132710652774,0.9944364210684216,1.0084718123661203,1.0024080137696436,1.003932642393063
135,1.0151495684373542,1.0152587902614525,1.0010605943361344,0.9967667679878216,1.0128983094173967,1.0013828364020052,1.000096413130405,0.999108941631077,1.0080928046856457,0.9991460437290696,1.0137451875604115,1.0163384198691647,1.0101399103252002,1.0182097349410717,1.0196222036169678,1.0096137125981752,1.0163802571504739,1.0105064040201779,1.004239181333956,1.0069688587510983,1.017007511728345,1.0061913556335096,1.0170617125083952,1.009697717396545,1.0093998234496373,1.0047495265165327,1.0054168510977537,1.011353086396677,1.016892028376696
136,1.0124322934880707,1.0164938628857891,1.0029571564011561,1.0042426265004902,1.010718035223464,0.9957498670490729,1.001201100542518,0.9972141192374395,1.0104323450426491,1.003188044848757,1.011618159152815,1.0204759945790318,1.010631598639551,1.0080645354143893,1.014073160479217,1.009524524951763,1.0169572852420343,1.0147205641434458,1.0051336254893777,1.0084308941113347,1.013990702611566,0.9976225166176742,1.0075494204752844,1.003074792014392,1.0039670403102168,1.0070112529073354,1.0063429048425716,1.0036199137866784,1.0031615219320769
137,1.0101084846001542,1.0100041199485703,0.9908830440458594,0.9989693401998445,1.0109461308747454,0.998834066892154,0.9936889895925374,0.9936722553652514,1.0107850014160071,0.9981424754324547,0.997331776857259,1.012663500770318,1.0141033629461262,1.0081814650929377,1.0093705526203562,0.9986220821981633,1.010470278813082,1.0197349071671094,1.0009255657781582,1.0004643875215253,1.0121499584819977,0.9925418772121852,1.003604663690376,1.0099119959731904,1.002828886698673,1.0001738251604402,1.000561183492954,0.9921988964521625,1.0003256221482006
138,1.0093705454495956,1.009858659740237,0.9958591647899155,0.9917627891895047,1.0080703363024628,0.9948911790689375,0.9871754965444629,0.9850912165357723,1.005104309054787,0.9931920545101339,0.9960956206887436,1.0040003139799178,1.0023528489531897,1.0122411860790779,1.010573255272369,1.0038144558774122,1.009865823971396,1.0117758394863492,0.9991884298452641,1.0032329062039582,1.0118094333754637,0.9932616817073778,1.001505525228288,0.9988595351512172,0.9986672104587018,0.9968315772241858,1.0032792996754178,1.0000687655247515,1.0023184910990497
139,1.018915757872702,1.011580986266312,1.0147925372388176,1.0144540519415495,1.0121011070297319,0.9890956998128322,1.0050576096933401,1.0128572193266576,1.0111298039349221,1.0066668937878884,1.0021054630630715,1.0184040368553338,1.0179112673397648,1.0061250448676793,1.0017190094421378,1.0121921776426708,1.0066553226384827,1.006234842578736,1.0036157486999109,1.017620669372935,1.0141085704062864,0.9882414326900334,0.9988617644734653,1.0066345171764246,0.9995278846814735,1.002190154232517,1.0037572104592785,1.0055369961920357,1.0061638136199536
140,1.0087105537308239,1.0090197688814715,0.9936576989820135,0.9922317432146833,1.0094192650067557,1.0007657735198703,0.9965826042835909,1.00171381450018,1.0128506918844644,0.997914606712107,0.9924663201682795,1.0180912309786199,1.0138928436391483,1.0024018827200227,1.0065892516213752,1.0065372624268316,1.005263111220176,1.0127703240400803,0.9995771795955816,1.0067939478722046,1.011455444443779,1.0025653569567763,1.0158152779111314,1.0040830786832171,1.004253941336172,1.0030918628347651,1.0116551016371895,1.006690476829431,1.0106199427921265
141,1.0044391135844628,1.00185180547794,0.9967424657730779,0.9925986647414763,1.0047721308944246,1.0095708485369654,1.0021558493908833,0.9991237759492002,1.0124881080494195,1.010148762576996,1.0151814668002006,1.019213740355539,1.010099861134434,1.008238378749222,1.0093285390843112,1.0074843843487704,1.0055232756253945,1.0191228514559474,1.0078701292978711,1.0102052862715543,1.0086250884039147,1.010500784508417,1.0125658785710099,1.0034871686761815,1.0138754860068107,1.024204227262409,1.0194225127377283,1.0147041549185258,1.0076686938926487
142,1.0140585364977244,1.008528337986093,0.9980710238486351,0.9783527980993638,1.0071640328363196,1.000147648959652,1.010353855087991,1.0078856340147442,1.0097994427341894,1.0050282040043181,1.0068706812979473,1.0225174199790041,1.0157477649911046,1.01215804395141,1.0127169855475289,1.007563136686415,1.0072223269783718,1.0210161788933727,1.0071436955729158,1.0044943500798862,1.018136307065036,1.033562148195909,1.0205093344141591,1.0027755924221111,1.0162535200049143,1.0194303319052769,1.0181018733413982,1.0201859914545965,1.0217645820208372
143,1.0170246214715595,1.0066088717835526,1.0049989357763822,1.006509553473485,1.0033920368210003,1.0032334104404135,1.0079440852003174,1.0181052586132706,1.0107003597354873,1.0080791619996037,1.000124784827221,1.0142912803219,1.0107824644374803,1.008331543232725,1.0151303370255451,1.0004134163981235,1.0103656883483718,1.0184490137466915,1.0013100825958536,0.9994496499311784,1.0156181135240445,0.9995045204462132,1.000816108820887,1.0088336886824447,1.0018365668994507,0.9911735666387885,1.0043851868554274,0.9939930141813135,1.0011516848092992
144,1.0117872116708824,1.0030370125124772,1.0037436566628786,1.0086551246037196,0.9977130792808813,1.001030029933963,0.9964304662625567,1.003259795121359,1.0164683981190341,1.0027779413000906,1.0022826507873206,1.0100151537020716,1.0095968709461187,1.005196863655816,1.006453482240453,1.0008815892877854,1.002315803144293,1.0227864249623861,1.004638550807543,1.0082248767262554,1.0085052238651402,1.0012869021979593,1.0101112368470302,1.011489967566096,1.00243216640208,0.995019099096183,0.9994107697697946,1.008869264994011,1.0146288579370335
145,1.0054196338791235,1.005019076665113,0.9848066844009344,0.981093940798194,1.0007984688490685,0.9973357246516733,0.9939993671591048,0.993299751710073,1.0096848885308245,1.0075337994510538,1.0099566401609839,1.013074818788382,1.0197323068433515,1.006459935797071,1.0087850141386723,0.9954711097607546,1.003535504728979,1.0212916074187592,1.0027072038741536,0.99863074601927,1.0078063193783184,1.00892186899813,1.0087418442656604,1.004989207476111,1.009263778202953,1.0107773625684522,1.0125894415366845,1.0182872601659627,1.016220055550684
146,1.0109437405023078,1.0080103756580105,1.005856063590548,1.0031510054553017,1.0098635609297881,1.0037283004760746,0.9960051465358529,0.9877700198824202,1.0100126088954995,1.0000098238759654,1.0072311221940962,1.019245055039396,1.0045893907967562,1.0108363459674385,1.0079075909738129,1.009599985674105,1.0120059392983907,1.0119496944143658,1.011155870563209,1.011507603009356,1.0136058014324048,1.0089129067089293,1.0175230578218624,1.002769403031633,1.0087228632372076,1.0030544483245818,1.007134030300315,1.01239347011068,1.0089595581374606
147,1.007057882883186,1.0046616106811486,0.9956657957554211,0.9957328946053151,1.0000878622318237,1.000757435974605,0.9957667624622533,0.9891300337225509,1.0042643061821594,0.9977733267037593,1.0026728125936464,1.0116375955965244,1.0113627894035693,1.0066210883829294,1.0110028105058704,0.9989928632443208,1.0061755446071177,1.0210145563994506,1.0050227717076292,0.9972732254511013,1.0094837034021371,1.0108235917903396,1.009827485077801,0.9936898082041922,1.006415729652372,1.009503894523153,1.0105145486359095,0.9986939219983633,1.003585752693516
148,1.012546731356155,1.0110220782723962,0.9917189449922523,0.9858470643955066,1.0051588029552685,0.9981999801916838,0.9963319227694941,0.9941770352328809,1.017731406840768,1.0038801366567622,1.0047243759401057,1.0208104667493845,1.006720297287261,1.0051411638923498,1.0080575814296115,1.012879716617226,1.008329792831005,1.0164580141788084,1.0060079530566628,1.0213993019194338,1.0075985165993306,1.0054282410871551,0.9989470917409422,1.0134409065762493,1.0038421254082521,1.0075976269941265,1.0091731986238577,0.9901720553609338,0.9798715370881156
149,1.0106955260851842,1.0059535918134106,1.0069607713445383,0.9957026905483922,1.0047655132557516,1.0056845975028388,0.9958505012215713,0.9973280044570394,1.0103955718313573,1.0030086927165291,1.0103338376119413,1.0120906267432674,1.0080117735758,1.001583634753739,1.0043552081758218,0.9958849605854668,1.0018095367255588,1.0131773134599915,1.002401579163926,0.9941298305922922,1.0118705879536378,1.0065599573555926,1.0175175702386645,1.0054560132669605,1.0061423206293603,1.0133368324420788,1.0126567880469526,1.009988337260504,1.0109591165041283
