,0,1,2,3,4,5,6,7,8,9,10,11,12,13,14,15,16,17,18,19,20,21,22,23,24,25
0,0.9956824923800359,0.9712905179304991,0.9722095889877381,1.016507589938154,0.9755798973745643,0.9957153914235951,0.9966769364518921,0.9882839992666133,0.9859966908713803,0.9994121927542822,0.9778272857733779,0.9826699079005623,0.9777190822019166,0.9623615969403526,0.9736796577575629,0.9616830738774278,1.0150142798910482,0.9648675599333336,0.9598047458105875,0.9699033083352105,0.9981644264425664,1.0079047353634656,0.995323516529381,1.0049853715998551,0.989904918040182,0.9868360826136753
1,1.0064478923064188,1.0513692775063805,1.0525428040901912,0.998344195144112,1.0075631082769834,0.97360223374667,1.0009140917850645,0.9845910330477394,0.9908152323118412,0.9670619996575883,0.9890506682969512,0.9807315157600728,0.9743410457958708,0.9838848188661972,0.9904583857379363,1.0051285491259723,1.015885395144651,0.9861713290355844,0.9953627154838891,1.0152158368628972,0.9805236408393577,1.0015218373457777,1.0071973932850957,1.025178478229164,0.9913852488550383,0.991720689276047
2,1.0072624364264333,1.0354144685518154,1.0278494546954329,1.023251915205853,1.0122072818600876,1.0089908827161551,1.0182793912757153,1.014860795533792,1.0246727011099073,1.0131559032664486,1.0061731250342836,1.0062118903876849,1.0136961512153781,1.0039763427773134,0.9996606377493558,1.0079314469424199,1.0017433183602553,1.0017078032563946,0.9969727770452693,1.0071473562417483,0.9976175883315287,1.0134805432830902,1.0054901406674754,1.0053395980538347,1.000199830877183,1.018079436543336
3,1.0028299594410424,1.0029000102919574,0.999694691715076,1.0477530345121662,1.0089650395589573,1.020886031125862,1.0104709961339624,1.004545855964348,1.0318367798457406,1.014116307370975,1.0130791664150567,1.0162490978104766,1.0145036914521282,1.0167938368964429,1.0108645099899547,1.0290687320771121,1.0060831400814096,1.009715033429593,1.0124676306248612,1.0049441739690395,1.0040229117078443,1.0148926206528537,1.0161162348017754,1.0040085322182979,1.006024424071464,1.0243072005451652
4,0.9948061246707675,0.9954834183586337,0.9913182883110104,1.0151535804599354,0.9863777857875451,1.0052913921381894,1.0196809486299083,1.0057180550160607,0.9897712723045247,1.0079520715307926,0.9804913619431864,1.0008549331163215,0.9941440899460833,1.0002577812101974,0.9926497137756523,0.9863674333354614,0.9748793007439411,0.9858365338761405,0.9997233118221357,1.0054923477536382,0.9934552141056576,0.9907966270433125,1.0064595044247622,0.9863390795588086,0.9875043708290278,1.0076199473932101
5,1.0390968497533932,1.0374623153319746,1.0450605184131125,1.031351508823461,1.0376929517716489,1.0376682670083288,1.0255179402550558,1.0490215519683168,1.0332760623907449,1.0260164676260988,1.025881125091414,1.020682252504801,1.0282646715615695,1.002859786651023,1.0104728582417775,1.0314923849351474,0.9948162823331644,1.034977883346046,1.0217578027845753,1.0173062236984014,1.020176939096922,1.0032630048488573,1.0151485315440192,1.02585622053477,1.0070615316862368,1.0212231130814187
6,1.0024039862930023,1.0405082446280065,1.0208034830192336,1.062630639243689,1.0367365370857597,1.032552123811169,1.0478465779696469,1.0264926738271678,1.0316765914721915,1.0289073589566795,1.0264338925413767,1.0283306366622837,1.021557310728697,0.9742457001389223,0.988826742852238,1.0232039483744768,0.9967626690781767,1.0081531545751796,0.9921801714236603,1.0024455621485449,1.0127511639572264,0.9870082018275376,0.9715517558691562,1.0070777851010324,0.9824324784000787,1.0309070058583374
7,1.0197323693923972,1.0114930076526931,1.0217087361537645,1.025069042483399,1.0035537207356173,0.993686327110039,1.029601600051904,1.0167882995001742,1.0088133892635691,1.0130851199465585,0.9879361018590436,1.011713256884281,1.0047624204557606,1.0153047788893386,1.0092952103324206,0.9915448066557754,0.9978086168962236,1.0124720876158129,1.0075279783828144,1.0036017965181636,1.0168063021230542,0.9903384649833519,0.9882247797235195,1.016271859186437,0.9976875771296757,1.0132758892353175
8,1.0120209130739781,0.9999182867571917,1.0024939140981792,0.9902238943708179,1.0062421288977819,1.0083968536481798,1.0237993671019323,1.0181012393980475,1.0224871487069445,1.0042441973917933,1.0063698997820194,1.0021148565371603,1.0095772393438798,0.9986547616630121,1.001218411627302,1.0182995592333297,0.9983981180774677,1.014432484214328,1.0156809440130121,0.9845931398197474,0.9835638781274063,0.9837638753348547,0.9829240234725634,1.0048834816715153,0.9959926811735059,0.9999925249841304
9,0.9980123974645448,0.9920010180420313,0.9978195401767486,1.0124519832168544,0.991986123648027,1.0173997562269856,1.0138373415369133,1.0058146030056179,1.0090279065124608,1.014662228225738,0.9951564825084829,1.0127588759883177,0.9956289744535008,1.0023580510575996,1.008799070806947,0.9934266950788573,1.006972896296019,0.99840360738749,1.0141653215698325,0.9981953386490756,1.0156061171602206,0.9991011107473257,1.0038078773226904,1.0023009281406774,1.0223562019137498,1.0107542952092226
10,1.0023208168575144,1.0120083667368953,0.994768399460744,1.0199433315274542,0.9974023882210145,1.0239932575331823,1.0158858122492893,0.9943770855823235,1.0072032171759029,1.014230915822923,0.9974512820044185,1.0081867905045325,0.9992763754665811,0.9961026541718299,1.0072648559032338,0.9838924798823958,0.9861656728087675,0.9962444758835236,1.0164066473741924,0.9869897037988694,1.0131031488756965,0.9923116863237047,1.002077849332418,0.9787901199887815,0.9991442581485174,1.007456491935126
11,0.994271198502717,1.0067261277860033,1.0061976636945011,1.0277883398397418,1.0121120617852646,1.0089908137145611,1.0006003968049582,0.9919533970825594,0.9943451287760795,1.0122388056941523,1.0110992009903146,1.008342807399583,0.9984166354242845,1.0188080695261914,1.0158437664904167,1.0043162440970355,1.0008900321464196,1.004333553319553,1.0198900042052261,1.0064739047818196,1.0628011426213937,1.006679995024522,0.9977423364455081,0.9880753859237638,1.0196704955894045,1.0177354828664515
12,1.0221851690047064,0.9997274499619416,1.0090949781906995,0.997912137627535,0.9992786255312032,1.0023117510906674,1.0081232059587717,1.0128676236908736,0.9988977593395042,0.9995885170971796,1.0013492706356408,1.0109130605077339,1.0008869089549919,1.0182219760666409,1.0151558131264922,1.0034394837086702,1.00302914715087,1.0025045134930506,1.016893309626504,1.0026466805181178,1.0136775243357665,0.9879037987193023,0.9831008118251636,1.0123178368059504,1.0076028613638899,1.0004898121112333
13,1.006720959571566,1.0015538990806598,1.001804268939805,0.998016973853332,0.995595667081683,1.0031185343972786,1.0109499087078506,1.0105199310099262,0.9979970067330722,1.0022349318265784,0.9979136931792635,1.0004148263956056,1.010055798390138,0.995270744347031,1.000107522232167,1.0035020488956274,1.026116879644992,1.001820922194712,0.998697156052731,0.9996092061641024,0.9801723839485899,0.9740940074732324,0.9942491710974802,1.0104816583821172,0.9969978308757035,1.0002138665331386
14,1.0227632045175679,1.0352843038139992,1.0228893748023054,1.0450620475246164,1.023835440331523,1.0112171852287608,1.0565002650617656,1.0239420572839444,1.0365619829722283,1.0230575035779954,1.0382679328865367,1.0163239780202615,1.013514682786387,1.0056386466883904,1.036714434388053,1.013373636190882,0.9998280290566719,1.0356696228182332,1.0494727237301675,1.0097132935579791,1.0217958117426948,1.039439461060237,1.0373691769048998,1.0283744543602027,1.018072566372567,1.0364605831219003
15,1.0017277390351975,1.0019101747072532,1.0070080563970996,1.014055091048505,1.0091718697933119,1.0159851253953278,0.9793606207694301,0.9996948873962198,1.0071883242486865,1.0025339392057417,1.016282475639514,1.0107761180163475,1.006300623346068,1.0181954984100934,1.0144365362735484,1.0177007899731163,0.987601233309363,0.9936991343013398,1.0046831438572743,1.0179632196334556,1.0130711332745481,1.0351292457450014,1.0386799750012197,1.003071102672464,1.0231578476400285,0.9967595926776218
16,1.0160510930507123,1.0074838447175785,1.0084425013187228,1.0090954703690895,0.9906025483371952,1.010860087481526,1.0177258432987952,1.0027721506572251,0.9945759202589348,1.008988149216605,0.9904079723067667,0.9952897916839873,0.996905994985337,0.9988381119534375,0.9956574081291342,0.9878440213941102,1.0136474621889637,0.9876860859179554,0.9932708238221047,1.0096627437596921,0.9980752069784226,1.010844342515364,1.0117100488090907,0.9993741999490519,1.0028773774270912,1.0027777562639177
17,1.034644390892838,1.0161381584342941,1.0217463492731815,1.0588723925453913,1.0200012750034781,1.034907688036715,1.0342473202037692,1.0172805076512004,1.0165016649815557,1.0409874684102145,1.0220289413524406,1.0204737456941457,1.0104963514837955,1.0084380577780474,1.015058799108488,1.0288761716389185,1.0352109236825713,1.0337704509290622,1.0210578867839126,1.017404477416432,1.031755843263711,1.0386028192980579,1.0379334093348402,1.00714872114367,1.0231178789879,1.0429840512407913
18,1.0098926047261496,1.000423831888664,1.0154971610273609,0.9956402673038658,1.0100534869557933,0.9961571085816611,1.010446130267869,1.0123807611468874,1.0150029155139417,1.0007699467910076,1.0046828670937498,1.0029391328265553,1.0178336203412794,1.0074753505064276,0.993891006342884,1.002367283622367,1.035779189904037,1.0001057791718138,0.9996323534874131,1.0127605039637688,0.9700943018855238,0.9952778607511743,0.9956235785576049,1.003923085416615,1.0024086935424277,1.0009421841022397
19,1.0168096986544586,0.9990768826659349,1.0251016760865939,1.0015803938623373,1.0221654774618407,1.0111051865369336,1.0096141743946903,1.014248885174418,1.0181963296353393,1.0008152407554933,1.0101654893577663,0.9996656332290355,1.0188525238123998,1.0078019526611206,1.0103153639186868,1.0067119085846512,1.007681587687709,0.9996741248042754,1.0020027151064124,1.0031181884061393,1.0273276587435949,1.0212738715779541,1.0030008499663796,1.0134555886656431,1.003714876864563,0.9921059439949301
20,1.0051617228459198,1.0161174918212013,1.0124842327160763,1.0152827499175103,1.0039315083656803,1.0131682612123223,1.016924643833486,1.0062680602724121,1.0136549868500258,1.0092476687630796,1.0014629598519644,1.0066423329595684,1.0127080586095962,1.004901088921759,1.009047510238117,1.0007805084788468,1.0309992808711355,0.9933264162243706,1.0085144497857883,1.0032592480372455,1.0220085009088773,1.0026604939788524,1.0019388537060494,1.0140043965516943,1.001888660034868,1.0042463889616629
21,0.9918715134259778,1.0019021527066514,0.9973213285650434,1.0124949407240786,0.9973254438292738,1.0062643393153257,1.0178193424920479,0.9896664445570347,1.0037779394008832,1.0050368692778988,0.9990021211485105,1.0031478499581847,0.9986850068019111,1.0045418526273031,1.0058414925908676,0.9881513525414716,1.016957642069977,0.9957446066617847,1.0015170519916816,1.003282566168431,1.0020193873090786,1.030223359197502,1.0328327458331923,1.0172541550599103,1.006104500663953,1.0046561317971996
22,0.9805184909518118,0.9842351438707685,0.9743236795577186,0.9827296476464689,0.9859129514629104,0.9920402252732593,0.9969583445761294,0.9962305189760328,0.9930569456858721,0.996710763808352,0.9923769748294794,0.9903578244625073,0.9902601192574095,0.9901160765098714,0.9915828374600894,0.9928750920945315,1.024026589217611,0.9951160678624866,0.9961579343879048,0.9924104550765998,0.9854446722087881,0.980090602032261,0.9811733347456562,1.0084749251467005,0.9898456860254589,0.9844711955936238
23,1.0301799431269092,1.0328279664328555,1.0273852428923,1.0290296871823217,1.0119668129054378,1.0102072814346092,1.0269309511159015,1.0265260935204126,1.0126701335586883,1.0132231926985051,1.013454531256176,1.010595982006213,1.0183497466809317,0.9969119197858575,1.0135669153312308,1.0094009717077566,0.999933218449138,1.018167724919031,1.014320128773165,0.9942129938424695,1.0053934744935151,1.0099009700488153,0.9941609051219489,1.0156438755505877,1.0037141207883988,1.021160556016726
24,0.9992403322014959,1.003643708225002,1.0018113528200698,1.0327171830737463,1.0264579022115297,1.007522052544407,1.0084648497454156,0.9962997528237525,1.018761348422238,1.0083431560532463,1.0303830096379978,1.012666127743674,1.0105084382983418,1.019466272180138,1.0164422909441324,1.0265453589638787,0.9964818343683132,1.0185444738779215,1.0130241094720018,1.0213081412526583,1.0290071521580744,1.0398190571428958,1.0380844081609832,0.9967386060030957,1.0139865947212165,1.0204365188619633
25,1.0221612369199806,1.0232801540180743,1.0176981436809238,1.023535817107801,1.0143688566672915,1.0051812579084973,1.019561472470705,1.0033919941681717,1.0121029427257227,1.0039477350346833,1.0054343166248443,1.0021213388772618,0.9987199354983812,1.0035656765750713,1.008606501510467,0.9993571989577265,0.9988017946763336,0.9978178227128913,1.0065493772964158,1.011407053271372,0.999960070810565,1.0228833446410506,1.0258270525663007,0.9943588992407547,1.0039009499762606,1.0139991829451276
26,1.0230679726966825,1.0154259212856203,1.0099044569034832,0.9905864811990999,1.0099800019050844,1.0003941422497828,1.0069528986171525,1.0045803881140043,1.016755823030534,0.999061845565099,1.0155386051275177,1.0003591293123848,1.0044201365185184,0.9901148664006862,0.9967469785534719,0.9906499576473575,0.9676226658266504,0.9879237033664093,0.9951815530638387,0.9844271232427605,1.0035497827228417,0.9983522401455359,1.0098320230505646,0.9865284919038887,0.9939381799815485,0.9888939507617348
27,1.0134331056947483,0.9910936054509031,0.9914499695450616,0.9942676823262694,0.9942037806662286,1.0033762463477867,0.9941266449920105,1.002475379753901,0.995214069891779,1.0008933493665844,0.9999158428025329,0.9921613261172967,0.9957354140075355,1.0036477084866045,0.9975603533481001,1.0031819701649092,1.0011638761980979,1.0020646800670767,0.9986108748297473,0.9996680231953696,1.0171468937957404,1.0029700873755314,0.998473970797626,1.0149270140116164,1.000192554450793,0.9888454154758828
28,1.011697423469543,1.0200823003951913,1.0099680047187756,1.0414907217277463,1.014302068520538,1.0019327735948538,1.004688851253052,0.9957059043943618,1.0065079729887871,1.0091005032980438,1.021021719278249,1.0163605454714884,0.9978943966988084,0.9895366803363255,1.0023806189107485,1.0008655125269466,0.9883799904266584,0.9997002954692619,1.008683335830684,0.987753548122308,0.9953071120028153,1.0153661805067675,1.0065297647024896,1.0082390053521424,0.9993095837294085,1.020863403814985
29,0.9902193438451482,0.9864460067229119,0.9964697654182025,0.997266900684281,1.007332444744571,1.0036445492779131,1.0146429424560612,1.006729940240304,1.0016377042026032,1.0029582392863505,1.0019499395529041,0.9907277409549499,0.9899657464016028,0.985506207091758,0.9866543947605234,0.9855807402352893,0.966269452673318,0.9993939806479829,0.9877577044358319,0.976685675248132,1.00052690202967,0.991784300524057,0.9866554278106171,0.9868865907630388,0.9734839883658939,0.9826142394169846
30,1.0232620239243992,1.0218548925415,1.0341941495212257,0.9932600810351795,1.0198361057302372,0.9965199278033694,1.0232371129189286,1.0291667828831534,1.0283377362526425,1.0046074188254268,1.0233320368689214,0.996198092711893,1.0382732864260549,1.0140083086771312,1.014577672815841,1.0206083420451901,1.0133011871073323,1.0126529295078157,1.0093658134467436,1.0176762437457723,1.0247322285592044,1.0053622994521378,1.0076401160004367,1.0064872578721633,1.0087950239932213,0.9854788925511412
31,1.032009257243712,1.0325771955002938,1.049859302100633,1.039665182539477,1.0496814128773397,1.0175657225938106,1.029045707261051,1.0437990744367256,1.0392381936430495,1.0139207173818179,1.0296410899812,1.0178434754385715,1.0195633994873887,1.0306575632806858,1.0383775716129107,1.0318867499743154,1.0304065434429073,1.0283110998747487,1.0269164760238811,1.0278179913881755,1.0223052395684766,1.0249490065021456,1.0178368133043858,1.0241066384636128,1.01060201565906,1.0250899006590217
32,1.0237061807018581,0.9909107079979773,0.9862347111210751,0.9772135232357027,0.9851197076023536,0.9977762241702014,0.9825757647659479,1.003478893519541,0.9925471446780068,0.9937674645687199,1.0027735581828063,1.000656085435258,0.9988481768462905,0.9963659731642771,1.0071137378921404,0.9855368192607881,0.9900933969195884,1.0045092705986716,1.0083045802712376,0.995371153531159,1.0008171536254131,1.0398259139446584,1.0220130638932368,0.9733279040576738,0.9948502966263831,0.9961858418236974
33,0.9895849488777184,0.9913902579235333,0.9942217695170827,0.9900490258787313,0.9744626252929561,0.988346901877787,1.0086512030590171,0.9737019437113698,0.9948299208833549,0.9941657097557577,0.998483393552253,0.9848903331067254,0.9875670953036507,0.9826288993985147,0.9987116025861426,0.9915225722783843,1.0215344431371485,1.002719433782777,1.0066906598030727,0.9848502093428241,1.012046457569713,1.0063313178710531,1.0136656969580393,1.0235868180027967,0.9998153689114159,0.99583817920408
34,0.9841294978940732,1.000829020977574,0.9989382493833828,1.0086023602670118,0.9902648631513183,1.0099801418298298,0.9886779076507529,0.9723741640998255,0.9974120560594041,1.0013160323127985,1.0066233151292985,1.0109457004586513,0.9936503883255753,0.9983262211097917,1.006916153643219,1.005692637960538,1.0150131344691666,0.9960253864176539,1.00664287977621,1.0133753867546487,1.003517862420511,1.014805430618953,0.9986922820894117,1.0029231830890153,1.0072465843136633,1.0155636330680515
35,1.001624741663772,1.0410549249381442,1.038434070394301,1.0522956799652383,1.044229795064794,1.0414386131677593,1.0386995559453351,1.0451921701916567,1.0570670027034736,1.0377139178036017,1.036099467970898,1.0213015255256739,1.06390456289375,1.0150225865338054,1.034536862182833,1.0395070253653338,0.9847856207079975,1.0316531493061913,1.0324925297686331,1.0024655420933255,1.040650059838144,1.0138100994469033,1.024314028859895,1.0259780761910495,1.0115772136194827,1.0362574060633294
36,1.020814685322875,1.0202571867211299,1.0300233462360258,1.0164445186539603,1.0118722766704624,1.011938973055592,1.0201628476060305,1.02699967235044,1.0223267549110464,1.015175175166544,1.0214964078930204,1.0115603586727968,1.0144137299003524,1.0115928321467391,1.0143839952818694,1.011190225484003,1.0142850994072858,1.0239764614213893,1.019577978933103,1.0161395635832224,1.0234248771785848,0.9962572083735107,1.0114596512919862,1.0157704471635056,0.9987350735357916,1.0099547525568142
37,0.9926856486781236,0.9855654561973461,0.9797545760901066,1.0068851943113857,0.9955350464066282,1.0061524913736537,0.9893400672023569,0.9968650687556707,0.9944476644629472,1.0006121077396926,0.9963766126250381,1.006143550002075,1.0018605989106464,1.0054704098018028,1.0001687592850952,1.0076080391838242,0.9853234803177736,1.0133938118367198,1.0015654098732767,1.0193703704708168,1.02482250036155,1.020857697231025,1.0139359821172182,1.0015403899263864,1.0116073429224783,1.0094546928911499
38,0.9991428748994406,1.0109150460271785,1.0185107295077225,1.028695031729732,1.010862984889593,1.0049273483551289,1.0024550143369064,1.0204762790038389,1.009543237211653,1.0115849351716033,0.9939966904669546,0.9983055264428391,1.010787743015461,0.9959252285871721,0.996967848706187,1.0097921470854094,1.0241739243635952,1.0049989411717681,1.0015731785258906,0.9966007229625421,1.0278268645902295,1.0172828095708768,1.0081532728593472,1.0046417907938199,1.0048478085911108,1.0136705222435698
39,0.9801327642705873,0.9830390960602798,0.9700896453106782,0.9835419228203525,0.9814254530569421,0.9953413406517507,1.013082758335146,0.9715829239413304,0.9857013507106179,0.9862296943407403,0.9874551966102995,0.9992544223317125,0.973442182698821,0.988253976836092,0.9889998659407159,0.9845072319123818,0.9942512988324029,0.9921720239375681,0.9949109454566071,0.9929805146681349,0.9868977079696227,1.0047444146156888,1.0022359978120672,0.9902933104059779,0.9925601906248195,0.9921335957326268
40,0.9938458887207784,0.9735914322335245,0.9807240638076234,0.9819653033304273,0.9874780199250116,0.9979855413005358,0.9946256026788152,0.9981586870324317,0.9915825097645362,1.004563139985363,0.9979306108144563,0.9988811860953067,0.9975540366115655,1.0040634129802444,1.002363577153236,0.9830294786244644,0.9882076340683038,0.9981347161759212,1.000876612012996,0.9993316624852234,0.9883600836610288,0.985698273403261,0.988698352842877,0.9701082026633687,0.9951567886085279,0.9783120599299456
41,0.9819632268757055,0.976064655271544,0.9612809693561923,0.9681594392807049,0.9706745273105852,0.9743719441782004,0.975331850607538,0.9829959102164197,0.9816136269455354,0.9829731882907728,0.9867150255725944,0.9798624113076281,0.9917032133502577,1.004861680344376,1.0142814525916128,0.9875473854702335,1.00096356946286,0.9927581231178113,0.9830436436123653,1.0054892162966862,1.0249462591267846,1.010770978326191,1.0140448413007437,1.0189636531663344,1.0043047312554965,0.9650219577422109
42,0.9988524151840829,1.0023089202016429,0.9960079622066623,0.9856285690511883,0.99743963046113,1.0151679637623274,0.9787960047930743,1.005709715680243,0.9996590476767363,0.9895717881406464,1.0026439441046235,0.9981911730435782,1.0107346634877978,0.9998252833793313,1.0059468830957925,0.9993930753256096,1.0107190614093462,0.985645211141103,0.993488537245265,1.0112820297059233,1.006524721921061,1.0172205977324233,1.0070123123296122,1.0209589032883835,1.0001430082167309,0.9832849298175365
43,0.9860447588330821,0.9764697009664687,0.9771498693433183,0.9856469482234763,0.9817513504116081,1.002464127961896,0.9774604033590286,0.9923189802370996,0.9837395613303839,1.0009855977759357,0.978569393965621,0.9907732136316405,0.9893403710793771,0.9835379769501501,0.9934869778973331,0.9864010071118798,0.973480443639186,0.9778863772162641,0.9903868453153218,0.9930140916233293,1.023303424154629,0.9874683724928339,1.0186087265201036,1.0096029088668643,0.9946903624392921,0.9884506401429259
44,0.9770161605686883,0.9963336007341134,0.9853195082116971,1.0232795476905552,1.003367994563605,1.0100711602382657,1.0081695046865347,0.9969444289173779,1.0040956695228271,1.0165149288803863,1.0137182360983201,1.0199528160463422,1.0094870567238228,1.007916488914212,0.9986696599595388,0.9987501858137715,1.0093873673147826,1.0020364467526088,1.008461998551217,0.9946283937886589,1.0015403515560115,1.0213129528834077,1.0286977575951861,1.013791197718353,1.0081689222574812,1.0149269819272313
45,1.0017542345349157,1.0159486177551256,1.0063085443665536,1.0113102322935352,1.0087642146340794,1.0128144405145838,1.0229500730694738,1.0034064696774558,1.0089362597862677,1.0080293404734897,1.0161828679949523,1.0160336680397546,1.0011203542664553,0.9884230678719813,0.9862527866971708,0.996673190784168,0.9872583861020676,0.9841018637781163,1.002903410707277,1.0030413579400068,0.9893351139527712,1.0061620999314302,1.0193199479260397,0.9966186661440011,0.9986141892762668,1.0206305879735302
46,1.0092457075836994,1.017045070182389,1.0124122990981177,1.0396252991899462,1.018652860418324,1.0271842572455847,1.033537321259986,1.0290156237476993,1.0207642836692177,1.0308000907591197,1.00662765626119,1.0240864034568087,1.0246548389802934,1.013142494486836,1.0074650078966128,1.0074202148053515,0.9983963297012572,1.020053961543355,1.005742311468042,1.0054493197943384,1.0389280109168608,1.001181724249393,1.0047723065295204,1.0149685265956918,1.0133309074030756,1.0256154201027436
47,1.0030006835526135,1.0032520218751864,0.9936012933649934,1.0017640399508143,0.9952413351197648,0.998647825257015,1.0050474845174133,0.9955402011643637,0.9983082912986546,1.0012790276970844,0.9907761373622109,1.0090819323097677,0.9970784968596068,0.9898439138727432,0.9914237001428833,0.990113665835464,1.0106075634613776,0.9862182189632308,0.9974822688768148,0.9897088740079345,0.9890451561791279,0.9892847327985249,0.9957142263903052,0.9933066701139689,0.9933870755047406,1.0176598537915236
48,1.0064407478382782,1.0143359092370527,1.0086873083507233,1.0120157738334203,1.0022419439230716,1.0095245073448482,1.0099692780454719,1.0115669910073288,1.0146745486414397,1.009847775826695,1.0028771252344588,1.0014711107078247,1.008360540138268,0.9951984720457826,0.9984724525699923,0.9972832860258688,1.0157817800968274,1.004001573360685,1.004346658381447,0.9917047882553004,0.9996151757650696,1.0220823311248208,1.0395515775254192,0.9790746950928392,0.9910492518719705,0.9957083073497666
49,0.9867919331931237,1.0060189298020268,1.0024596622821964,0.9983243268424256,0.9880131898138786,1.0050346708609903,0.994146759247197,0.9964108037680781,0.987966063431767,1.000009580708153,0.9957647930907335,1.0001230697657968,0.9954300121025798,1.0146218946879324,0.9961213083023697,1.0048395052645513,0.9866166805694011,0.9969620370726712,1.001867393390456,1.003586331653472,0.9936472893428517,1.0036623724354015,0.994193674245149,1.0006249531571663,1.0018673181275877,1.0084538707426853
50,1.0088040024620257,0.9966694517321145,0.9936803906992926,0.9992909771730264,0.9998783161887499,0.9998435312772126,0.989323896627538,1.0034899197989988,0.9976822053520039,0.9992417135574423,0.9978104284010273,1.0023244036183099,1.0031047839648743,1.0022271159797471,1.00037837958596,0.9894071583987615,0.9924955413567913,0.9861170474354904,0.9939518899168813,0.993209397410345,0.9736661776458215,0.9904670287326863,0.9805191124508613,0.9873482004764427,0.9853327535933163,1.0084565094646787
51,0.996656461527078,1.000340581674299,1.0045613339233357,1.0117828120958807,1.0014021605214052,0.9932971968576728,1.003398132542664,0.9979301769566973,1.0004124821488005,0.9981606284324871,0.9931757374441812,1.0014468705204955,0.9918567816967103,1.0138788440985727,1.0084084727222626,0.9965631167289658,1.0158850075322539,1.001181947562347,1.0118765615478036,1.0215923926133401,1.0107035085880622,1.0174323706562285,1.020866851965713,0.99430027037331,1.0140583867740758,1.0263625522379305
52,0.8935591027149619,0.924682967053685,0.9053346592806529,0.9151645732730133,0.9109377463205518,0.9451675959319188,0.902419493170793,0.8925230205300126,0.936879076743047,0.9277625108148104,0.958001454339483,0.9526345625825939,0.9308409556454664,0.9812040487645827,0.9919931982152358,0.9486296221535528,0.9678992976121615,0.9405676094322155,1.0037024822692853,0.9790999123753162,0.9714023942501264,1.0401507972434108,1.052319624309275,0.9250692332379685,0.9986576801866909,0.9075820857027176
53,0.9771371734700913,0.9259394315701578,0.9579149222008283,0.9274016090329927,0.9922720566189185,0.9509228374747544,0.9672425773320154,0.995872242585967,0.9339701613533037,0.975151479421374,0.9821496361731418,0.9728302641730663,0.9486733100826136,1.0475592222987298,1.0496787835299397,0.9598302685281725,1.0512159747613343,1.0289775645975443,1.0491489760812198,1.1261712145472107,1.0784769286030231,1.2106534816563896,1.169022146835074,0.9376065636188845,1.1018956515560105,0.9385644318245518
54,0.9917718777042914,0.895463840106256,0.9570032235474332,1.038015581696768,0.9814721291936835,1.0262800619407146,1.0147702678658057,0.974000757357408,0.9644818135546649,1.0094962557265241,1.0027729950669773,1.0295042941341452,0.9593938993299911,1.0856996080633001,1.0622281684388162,1.0065178968082313,1.0396562035418033,1.0485117573872726,1.0148236158158814,1.1755749956135997,1.1402130200752196,1.2111513879703861,1.153523776088284,1.0419276759782041,1.1024685132434493,0.9679215783832246
55,1.058812849867857,1.0491461104148416,1.0381448406727143,0.9814788863256503,1.01825924309788,1.0272583334272716,1.0941373435250488,1.1078318942634249,1.0505674600221442,1.0156432372061632,1.0125148320710848,1.0057471277426486,1.048200704776869,1.0527969852019272,1.00499183485005,1.0375737561064624,0.9902322458776459,0.9729232409827174,0.9993702807150393,0.9749511218607257,0.9322107253621629,0.9919442785999558,1.0994786774080578,1.099560841846612,1.0592475735162952,0.9866449099542548
56,0.9802051440890437,0.9812108017524548,1.009596151749752,0.9800587259948197,1.0105698609852587,1.006831895631597,1.0526331229886778,1.0207499137609186,1.0611245164535308,1.011739486322054,0.9419898361799418,0.990374336827859,1.0164011077832942,0.9740036642027036,1.019269652999309,0.9846501012594313,0.9902140228350763,0.9966259701180801,0.9790660113176316,0.934589372509518,1.0566471562013409,0.9823199930259492,0.9914225259171304,0.9838666363140192,1.002106070462349,0.9824695454231664
57,0.8972916898538777,0.9834361957069785,0.9094229288129748,0.8074287658544781,0.8791575088604409,0.9381224720295492,0.8746388542207733,0.8775248990131335,0.8969926612820317,0.9307809164011747,0.8903498115229,0.9616701627952058,0.9126576691167487,0.8373282772020625,0.9188566395306313,0.9263805366868599,0.849624172871139,0.9070019936817018,0.9761872366700975,0.8369725523263128,0.9068808893907867,0.9062405289840114,0.8972186574469302,0.8783837032616626,0.9196374803641684,0.9267364820876628
58,0.9104898326324138,0.9288892093221065,0.8755335530396687,0.875784544584226,0.9451486425942491,0.9290737181534102,0.8682843394076244,0.9113577160863704,0.935375030716975,0.9153172136816278,0.9281067768705329,0.9154394871467713,0.9728791875431685,0.899643504790375,0.8964666854652567,0.9342112212365548,0.8785546039652029,0.9130218259147884,0.9620665012426148,0.8692980535908756,0.9104317678820737,0.9910754667290318,1.0117695022381563,0.990776056112416,0.9638417134487415,0.9021277585644949
59,0.9825043006694241,0.9781130553907779,1.0097250770077024,0.7849089278454219,0.9131877282554944,0.8790568712912651,0.8964161166594441,0.9273948625643154,0.8906342748704198,0.8782599586680572,0.9356333623830987,0.9188794344658876,0.9454583384583123,0.8711975203313129,0.9257451095804455,0.9125498682849462,0.9028844421307805,0.899223351213278,0.9464295684015704,0.8532016871018747,0.974447550325828,0.8960552974466157,0.889922921303602,0.8817433216891798,0.8920022532487197,0.8664587423528866
60,0.8603307855821319,0.7453437776717274,0.8219118493559929,0.8195697348695793,0.8663142778738665,0.9031026567512603,0.8222284111400635,0.9307932614980048,0.8747828990510559,0.8974391632280732,0.9270346462899408,0.880819604469844,0.9140689215832181,0.8815423951446666,0.8796095423745155,0.8360653048174533,0.9022663005831395,0.9255817608707458,0.917068954065515,0.8425270917054357,1.0008508358872652,0.9192343662129454,0.9023880766548394,0.989072416238555,0.9491754908531577,0.8376529003799237
61,0.8835648249493996,0.9086384905821092,0.8669661793657937,0.8789885700171727,0.8865197923854754,0.9013857454210951,0.9036525694252343,0.9084341133425919,0.8555649654409,0.9249309979135546,0.9221514908845162,0.9717986596839995,0.9028174655787976,0.8437704877750133,0.8744343412995509,0.9123494266798667,0.825621898883613,0.9181912492027064,0.930641415843932,0.871057001450008,0.8700365375395861,0.9296917713842706,0.9624482833319333,0.872040757221944,0.9196615411844274,0.962706156089668
62,0.9801380865917447,0.9927288741194769,0.9771609024060551,0.9493843200236336,0.979917065983675,0.9755390635159088,0.9665819503444253,0.9392557219306107,0.9461549595541446,0.9692033707791825,0.9947420826065004,0.9506781571324262,0.9797373238993512,0.9738463059862068,0.9341384056095651,0.9784377818567364,0.9787335925483216,0.9297152245365689,0.9637306079643546,1.0289142778635174,0.9360910530101051,0.9804211015098871,0.9302449334323881,0.9536414156816038,0.9794053119887459,0.9174593427743354
63,1.0340178818399863,1.0210171322725519,0.9886965108313319,0.9336778621145286,0.9505641994918808,0.9536190569392867,0.9919150761990744,0.9401925391204734,0.9390306471923461,0.9545293932307973,0.9737057511084964,0.9640857835601354,0.9385071457718887,0.9318065276618924,0.9320125573572486,0.9286649205320012,0.9440733037969311,0.9597507169616006,0.949761994267892,0.9657715276297919,0.9922524671615484,0.9537038723349633,0.9256400004478021,0.989359051192349,0.9648616509639448,0.9225364755789132
64,0.9555147263575778,0.9636990760395678,0.9520148906960433,0.93191285016736,0.955505557755238,0.9607349969136294,0.9664441592429055,0.9513463610436969,0.9913551054205169,0.953740560739914,0.9850526367408304,0.9631316219263226,0.9894437346272589,0.9394559275766668,0.9496379253778038,0.9693832275062506,0.9573303294950214,0.9435229706123297,0.9657818351591764,0.9643122770522161,0.9432114238411137,0.972333717204963,0.945091497052241,0.9506246264345226,0.9676582028923938,0.9655892077338218
65,0.9785688717986959,0.9484753033770816,0.980193085103404,0.9647057852966042,0.9782302119426508,1.0013118891567387,0.9847603927626588,0.9980457997615445,0.9815535459781933,0.9936117280049249,0.997263002755853,0.982061549395674,1.008485833524899,0.98436180231628,0.9775307709096557,0.9672527512888953,1.016642867024707,0.9948005957945883,0.9897572324086393,0.9665188834781302,1.0133022286435007,1.0162950504798443,0.9623608837252121,0.9747846070280544,0.9674210029322124,0.9576320510740175
66,0.9992832313878318,0.9914678791524317,0.9714083013557212,0.9695728347186358,0.9888340768560575,0.9904791326459675,0.9836172361062857,0.9890558645399662,1.0152535238188576,0.9823918592060085,0.9978622385615107,0.9755302440880771,1.0033850405281066,0.9873355005305233,0.978575942054521,0.9675274531539727,1.0335189305221115,0.9652510895553276,0.9754466329839954,0.9855234819994839,1.0192398538868659,1.0102773766231972,1.0045877434422328,1.0125059628517363,0.9927874213448231,0.9872063204973902
67,0.9997415713758369,0.9995050140054499,0.9946380038956553,0.9732586202286352,0.9946243129582486,0.9923651019899655,0.9807531115392061,0.9977788528616722,1.0042989178528563,0.9870902123972235,0.993692951181515,0.9839493238324214,1.023034084104067,0.9732101696816073,0.9712380424276716,0.9881625061128502,1.0444371581117557,0.967061192639057,0.9853229136917976,0.9975964143889406,0.9940713978129816,1.0081722109309081,0.9832512998064683,0.995349235237832,0.9947730222945733,0.9825343940932483
68,0.978230034400008,0.9964522211557293,0.9775033804713998,0.9564538451109161,0.9731055108058502,0.9934589854567591,0.9912743600190839,0.9593552109497157,0.9825770229407205,0.9896043062647789,0.9815394441721131,0.9800387567909438,0.9932144652761082,0.9774845007447462,0.9708491559929026,0.9673337431716321,0.982912273419467,0.9682711529811775,0.9724960432587386,0.9977031611099128,0.9955189143194573,0.9910435509625858,0.9671745616030407,0.9660392136707776,0.9828535456248163,0.978672388430512
69,1.0156562458028886,0.9820260516635341,0.9874046646220939,0.9988233984878078,1.0011541528169545,1.0147615430207773,0.9864091690590634,1.005109388280021,1.007361276980301,1.006560992933128,1.0143970152954698,1.0051220381291546,1.0164783031500593,0.9966662572059234,0.9879149939167335,0.9916874821229681,1.0279392085317418,0.9863855754774605,0.9898999733884523,1.0050156243547719,1.0186763418408653,1.007216836737213,0.9920396146972924,1.0035815774185253,1.002167188399183,0.9986833800911404
70,1.0137644980831697,1.0025465489127705,1.0055059347413522,0.999897500068073,1.0028152112200548,1.0085599581479519,1.004134452583659,1.018712409578091,1.011181230703912,1.003079069975847,1.0098489349397044,1.0032072129381129,1.0176363658960643,0.9881393411657337,0.9871961111780335,0.9933376654823501,1.0161946096806584,0.9870179041716398,0.9869068677089734,0.9992733841937255,0.9941708255467951,1.0154092204040557,1.0005312364354642,1.0097993869699677,0.9975419677491513,0.9961992072629072
71,1.0006865538914176,0.9969922565558585,0.9933880282502662,0.9891064637580546,0.9913281865142037,0.9994206026363059,0.9971811818692691,1.0029671982737336,0.9974125579425187,0.9968400004774921,0.9978781794415229,0.9944242937487837,1.0051130788693257,0.9774128151220556,0.9783034939559062,0.9897543298608286,0.9951141152535412,0.9885388696184946,0.9893591332582735,0.9811284072733161,0.9866836361822655,0.9950204557330096,0.9753392643829611,0.9920399803583405,0.9863908123707279,0.9974118537888393
72,1.01301768389509,1.0024615036742615,1.0000884469295552,0.984014577941936,0.9813939728557989,0.9893229478632625,1.01370133590131,0.9984371429050867,1.0023275511737788,0.9926062837042087,0.9918483682689251,0.9957228327583971,0.9947414132708966,0.9866141140563951,0.9826180509785191,0.9747187891914674,1.0062640754294223,0.9868433172579898,0.9864709912072588,0.9951466100521086,0.9900587488742786,1.0088718108148986,0.9864897681546375,0.9995758144237631,0.9872159919580322,0.9885488783219847
73,0.9943861734280517,0.9928157885939292,0.9870199716048613,1.0006720107429203,0.982609809460181,0.9990608278764441,0.991924607074489,0.990927470501013,0.9902024116924026,0.9934781791992346,0.9907700210051171,1.005870057473152,0.9907618042942348,0.9864389895995528,0.9936724304348054,0.9775740769811441,1.030344930784412,0.9775018125598239,0.9806205756521725,1.008408541697556,1.0128988033153197,1.0123152465804661,0.988669116421927,0.9998093074494431,0.9985034073554184,0.9957681811877866
74,1.001909541284977,0.9998534572272851,0.9963897628080531,1.0054253060036022,0.9933274514516273,1.010118477263104,1.0125156011365564,0.9967523927425005,1.0155191383464819,1.00381718334606,0.991974198826167,1.0094944275301265,1.0027372445812148,0.9967840973892658,0.9947182980451647,0.9915146780573298,1.029044381311581,0.9952867919176214,0.9888744681924573,1.018289960702923,1.0071394177553672,1.0180758778975691,1.0006610489031929,1.0066281052058481,1.0084790906252032,1.0089538316929907
75,1.004705065061323,0.9824774398721942,0.9876996768729728,0.9658723287378417,0.9863285787527447,0.9829501924996009,0.9785244832404784,0.983664081259889,0.9889668424633979,0.9768564003968108,0.9897090028906409,0.9929701399706531,0.991391357046982,0.9897440962807069,0.9713936098674336,0.9788737611926984,1.0033293822834009,0.982222735912384,0.9826505329169455,1.0008903022081743,0.9913179900434228,1.002648368909903,0.974690618430327,0.9862186676197956,0.9788760067345532,0.981862100065043
76,0.9953029689358214,0.9886823698700099,0.9868710083015289,0.9850107611182971,0.990190718607879,0.9994891741889764,0.9960942022522792,0.9856184171758724,0.9989554708360225,0.9859757138921685,0.9834125449508949,0.9972367438304212,0.9895694014055901,0.9931884487407785,0.9838483352043941,0.9816075533737304,1.0354107440181892,0.9838366706789544,0.9915186953745342,1.002460165709055,0.971086799269916,1.0214461529688441,0.9888608782659337,1.011886785239305,1.0012472243480877,0.993808923366676
77,1.0180934516612867,1.0046069240214979,1.0061880549571998,0.9857885237324339,1.0023740226816436,0.9988389991867134,1.0098487061005361,1.0066955321631867,1.0089398468790738,0.9965288200033487,0.9997926878915127,1.0044697158810225,0.999007101536196,1.013272037474614,1.0020410369178963,0.990147738364022,1.0037931978025108,0.9990580102607506,1.0007171873800689,1.0047308620287476,1.0122517782831766,1.0087288309146403,0.9941410909235324,1.004306478295782,0.9981998515245103,0.9994093177886925
78,0.9849947031166556,0.9841659243876737,0.9836094328091722,0.9819708570631862,0.9891654654598971,0.9916193886129866,0.9948373097183928,0.9918494011050839,0.9969523480710732,0.9896043836200036,0.99015789642518,1.0040954347577387,0.9957420969279823,0.9934699677111488,0.9970831976639076,0.9903833787476944,1.0026733354854442,0.9943628021339643,1.0021138201332893,0.9865875593377328,1.0006207806032454,1.014744682171383,0.9895584559646774,1.0006762351954273,1.000310838262635,0.9918926891129922
79,0.9832048380758652,0.9904046219883264,0.9709466248372162,0.9933645284431966,0.9709425189579484,0.9898482058862991,0.9937643490015808,0.9801285291826146,0.9876121396168852,0.9886216850066132,0.9757873250686834,0.9928771440842379,0.9843913584824222,0.9930505253182135,0.9759901538120775,0.9630623456605363,1.0072753584457075,0.9799394255911302,0.9790634545193825,0.9796143455556009,0.973070926116798,0.9980896297361354,0.9833494365655555,0.9838633468521899,0.9923281895639354,0.9958140948891457
80,1.0174652741585917,0.9950974952605033,1.0013577061100787,1.0094414311734021,1.0067951000601214,1.0052682015057066,1.008810530423277,1.005492541732549,1.0076234060244422,1.002723194180295,1.0104307775821157,1.0102089180244425,1.0006244856243307,0.9871362016943543,0.9923877005466746,1.0044858914637513,0.9949500074720554,1.0044880938505223,1.0046968088582309,0.9880073804817993,1.0084819415594992,1.0070989801306751,0.98951750166034,1.0292814044210588,1.001186591984366,1.0079811650502717
81,0.9950118307240352,1.0044582757389913,1.0011310119648547,0.9898609005201016,1.0066767797124503,1.0061920395036164,0.9935593030583194,0.9929850458166031,1.0285826032189538,0.993707138960857,0.9819336744798858,1.006558645991705,1.0041314687595402,0.9928965873658002,0.9873724448021877,0.9760800405093207,1.0069286969471538,0.9673645929014848,0.9853889061395753,1.001736434317269,1.0075573490809993,0.9980794045772319,0.9729020649662677,1.0011858081319216,0.9922159581588577,0.9867802473821967
82,1.013010029100069,1.023880243842172,0.9954074817750163,0.9889148316741364,0.9903832061347291,1.0007418156949817,0.9739028625847831,0.9898324649562766,0.9993952737046481,0.9842105108293245,1.0054557683805796,0.9993763128811199,0.9907729309673003,0.9921627766203515,0.9937447046187604,0.9890888264595267,0.9859497408377583,0.9889118808752241,0.9931090230256722,0.978344134587668,1.0115579316830592,0.9995529176871354,0.983670504856562,0.9928908838276066,0.9908679546807402,0.9940658072474291
83,1.0138802782656342,1.0141460544868486,1.0064672853438872,1.0287829693668187,1.0009411983115426,1.006919535601878,1.0248416040651442,1.0108535407656363,1.0006066490424586,1.0127935024396681,0.9990525998195532,1.0142385685330002,0.9974520820625212,1.008042194847906,1.0024841861766252,0.9930891893560136,1.019669723684198,0.9997259273120808,1.005299277940873,0.9932618895736638,1.0175406790560793,1.0494656975396415,1.021543746248965,1.0186099160084197,1.0097237030595645,1.0105316630637886
84,1.0108512246090855,1.0029974329547937,0.9838554535522511,1.0159968714384149,0.9860607969665663,1.012287222048628,1.030564581386796,0.9763722393963058,1.0054425985311979,1.017046039388705,0.9850179863324119,0.9974175180319066,0.9773599110471717,1.0144426982875383,0.9927147018108415,0.9919202763794074,1.025951543445316,1.0119679926088467,1.000069993028618,1.04610347474888,1.0271227248882229,1.0370736476991769,1.0149180263073396,0.9937823910274272,1.000555848610478,1.0025431856316709
85,0.9963930421694337,0.9834914174576861,0.9712096787759436,0.9910132848168783,0.990181340752507,0.9985165364276261,0.990381239450968,0.9870122327691301,0.9915509185571908,0.9958379903282469,0.9969656335092758,0.9980181429529847,0.9933657539433142,0.9941405830800247,0.991560494013475,0.9953055118918771,0.9998455269450315,1.006529943247686,1.0032913766044353,0.9914472609157627,0.992375981320498,1.0033082218036555,0.9913397137735288,0.9846994711588025,0.9918465737359016,1.0030227517750316
86,0.9815639608638269,0.9577681353285726,0.9584888469918459,0.9488403568486193,0.9654610256498583,0.9674777763107267,0.9689999218002872,0.9730337778151487,0.9709242485441539,0.9646422310825186,0.9724944973466616,0.9853107146381561,0.9708673273715128,0.9973732836843993,0.9918575951794437,0.9663495680378702,0.9887651344745076,0.9796533932466032,0.9918500980770334,0.9859426128441646,0.991492986332765,1.0126029158718055,1.0146345774666785,0.9846979175349773,0.9974538547016918,0.9727891215815608
87,0.9845459406565267,0.9761892325942746,0.9906288328161806,0.9852529753899397,0.9989177438677136,0.9907905326811964,1.002922904528308,1.0013697597597424,1.0037356852171053,0.9911597819303501,0.9881276687865838,0.9943854000625522,0.9990928942090669,0.9968974353092867,0.9846784622463968,0.9823446536623905,0.9916206936812267,0.98297787104975,0.994412502832672,0.9995504861785914,0.9880507394540953,1.0074192878814392,0.9908269859668658,0.9578951875780086,0.991481356106239,0.9855956598522179
88,0.9987932180475632,0.9684354746821134,0.96340804044296,0.9777444632534281,0.9797821159868049,0.9863177532068865,0.9710630827085829,0.9914618433270281,0.9837718345281108,0.9793086447376994,0.9849107636108696,0.9858452240258332,0.9881806865684296,1.0017241018853158,0.9911299448127028,0.9808814034770055,1.034445808588045,0.9872523699293232,0.9977980500813622,1.0118981725253837,0.9886097915294849,1.0206477949587582,0.9956542227476604,1.0082096105133753,0.9890887246477745,0.9746346614375527
89,1.0140938684051857,0.9784636699349002,0.9824073587937256,0.9915844180930272,0.9830788643240149,0.9851887607449792,1.0045007850500045,0.9945738518373634,0.992791192013428,0.9961660611602065,0.9822398910600104,0.9969959978489183,0.9994516894639128,0.9919900599467384,0.9964836417334467,0.9806133331262402,0.9937440884752065,0.9824998734817483,1.0043364047429002,0.9874793691072904,0.9869362882528786,0.9957969161934174,0.9848472920068811,0.9990478625172202,0.9930896207947094,0.9872505112272062
90,0.9759205086021179,0.9649903605277029,0.9763178927361809,1.0099189569728027,0.98764425216997,0.9857673897942334,0.9756386079930444,1.001478846044091,0.9781432342585841,0.9898105662197028,0.994735574931844,0.9950810997693607,0.9816529540734601,0.9917708545063234,0.9907890993147992,0.9788847591527815,0.9979018624307147,0.9828491649608787,0.9965177548215728,0.9763130598634194,0.9933814138252905,0.9824661798509139,0.9880546918944489,0.9830490943859899,0.9935992417226128,0.9897789375072754
91,1.013152163131875,1.0133933869540734,1.0139922297252784,1.0126192076558298,1.0045369050165152,1.0006036700284253,1.0122790502669927,1.0122509498434678,1.008996143740361,1.0082695257932122,1.0130135514757044,1.0160051869412017,1.009486033991415,1.0116939764193484,1.0129940897082996,1.0002357647675462,0.9936170495919396,1.0148089271303622,1.0100209245679805,0.983304460234347,1.0612181903722382,1.0094906244563948,0.9881753394378824,1.006471042838555,1.006969800524957,0.9913193896415081
92,0.9972671553426986,1.0000002751625263,0.9917919653453265,1.0062239501041903,0.9908521294398345,1.004537760763435,1.0033105595195146,0.9955406116633231,0.9995912706663932,0.9977806786393453,0.9901464680129368,0.9902027501524968,0.9940511197658066,0.9990257409423083,0.9980587385811968,0.9857079991169112,0.9841941856205494,0.9827899815222318,0.9955366219956846,0.9762637545311625,0.9793841761387088,1.0171602369759312,0.9971642253822415,0.9793024358321275,0.9884612378054912,0.9964756724553725
93,1.0098877433447775,0.9776946151694491,0.9791145080223908,0.9921587193288479,0.9789145148724254,0.9857455001927596,1.0020939056575244,1.0045230472752569,0.98039961150672,1.00512590398866,0.9849451419349622,0.9911423863517481,1.004594709414982,1.016200410450151,1.0060330421379713,0.9980540862648197,1.014646113644035,0.9962202372299415,0.9981800500326272,0.9975966825912804,0.9858760978244651,0.9872002838298257,0.9777706912964661,0.9772933272666984,0.9949596051808968,0.9990987947961106
94,1.0013705042601735,0.9946720046512934,0.9847509007956818,1.0009123952445005,0.9992747742709672,1.004794200976005,0.9948381506363837,0.994918424247126,1.0187840347174373,0.9939549444933883,0.9955431205485368,0.9850810720832541,1.0006942507752907,1.0152599245125753,1.0142756855517958,0.9970286684744366,1.0228461666531312,0.9992033738224203,1.0068701493320837,1.0210686642713391,1.0200383369635289,1.0331531163987495,1.0449667684750892,1.0159861355112463,1.0117768447750735,0.9921593403779255
95,1.0059985342595412,0.9988696558364575,1.002281213680343,1.00260918631709,0.9980628884653159,0.9870982073365112,0.9981437763343736,0.9995830643630101,0.9842655508434729,0.9928698748985866,1.0086997948795076,1.0078271166622437,0.9890291077940152,1.0112836251514057,1.007872537874891,1.0079565241780453,1.0202460319655522,1.009332152399303,1.0111222281168526,1.0164716995311276,0.9991852642279938,1.017445994904213,1.0154812611080328,1.0087793328850672,0.9979196238053374,1.008332267352938
96,0.9717307503212529,0.9362255507402227,0.9462337502418746,0.9886685919115139,0.9813692980544443,1.0068446098208887,0.972923190835168,0.9921792712536782,0.9939707282620487,0.9895578495599413,1.0044135381074428,0.9830473964671828,1.0061220992247353,0.9890812714331557,0.9980876642628366,0.9770360030369803,0.9603535014603813,0.9868903142108055,0.9956553201451867,0.9690007907379592,0.9786078599047586,0.9933339870133133,1.0034617612583367,0.9273954442348303,0.9847571238056246,0.9814174091001292
97,1.0131497733231982,1.0256694160728703,0.9926060918369887,1.0198464867078445,0.9927186147091925,1.0058687428125639,1.0472031365353953,1.015154992845513,1.0186261035612656,1.0168051740416981,0.9736016744637032,1.0233474307038315,1.011414046319838,1.019608917237147,0.9962109977651888,0.9840296396237819,1.0385271578903892,0.9933412133895232,1.0056848093820085,1.0189387000741073,1.0078138321638466,1.0098854300147826,0.9949494148749815,1.005282077542056,1.024521065769394,1.0235519652494496
98,1.017662630952312,1.0050435625725977,0.99886968075833,0.9950832171461431,0.9981235944459588,1.002448989722882,1.0106546599326864,0.9831973841291453,1.0167930925681163,0.9968135081910636,0.9817501276176032,0.9843897477005298,0.9767329654083531,1.015403660860454,1.0063100871465729,0.9781233771615916,1.0143522964526124,1.0176851177284816,1.003341901350999,1.0415086698687899,1.007549447234467,1.0182562109097524,0.9974786909339931,0.9806848943092568,1.0040740111155697,0.9946083265588275
99,1.01658899716037,1.0295428901699393,1.0108301955787697,0.9928613161023891,1.0118434001614431,1.0209630072041143,1.0029307971699968,1.0057954409588408,1.0192372767496043,1.011894995800518,0.9921364269565948,1.0029769438843645,1.0150050710436604,1.008447149346566,0.9785389568619014,1.0137006788401863,1.00782867156967,0.9998454211851547,0.988015197445516,0.9957216208619408,0.9933054687328183,0.9940171852418255,0.9705693877432899,0.982484149054326,0.9910654580642408,1.0040344355819304
100,1.0284591082073047,0.9797320533368261,0.994882039413792,1.0228063147651305,0.9923820525907204,0.9949236008692462,0.9989040642805656,1.0080138245084933,0.9966592739927939,1.0122715051397926,0.9893541366768522,0.998122313894356,0.9929193582764074,1.0178038084314855,1.013889763266262,0.9977115151853647,1.0394191181828378,1.0005071161901873,1.0143687603939688,1.0092018455018699,1.0001797006367792,1.0156524226777874,1.0060117369790627,1.031480461920281,1.0188636303078302,0.9981871203357514
101,0.9848465217291812,0.9746900468772497,0.9600384191507789,0.9711400974922274,0.9768431339459117,0.978260647462134,0.977358438436483,0.958501810279046,0.9761262985326665,0.9736798536944311,0.975376884118334,0.9834546213784708,0.9516316579840954,1.0037740569185372,0.9903053918369913,0.958966618954674,0.9988243823295155,0.9743758620874671,0.9798548563770251,0.9988119530269446,1.001809330291599,1.0273046161206756,1.0093951697390233,0.9690123798490468,1.000441065082519,0.9721418809540366
102,0.9926870842771363,0.997134105091402,0.991448239573702,0.9978697886997654,0.9975694271343698,1.0006083715193523,0.9879192880960933,0.9924655208068843,0.9823143752409028,0.986511349311464,1.014498059648955,1.0022103670704547,0.9841385699465272,0.992514619645226,1.0062242654046325,0.98737251735091,0.9763460418626274,0.998421703987234,1.0041513963303557,0.9960902635599457,0.9910055669230414,1.0067141236439499,0.9916913505513937,0.9755007821608258,0.9996334122404739,0.9863778831429416
103,0.9896173270092303,0.9853904958429022,1.014005417517483,1.0046912282052858,1.0274092386392215,1.011819254583026,0.9982448263554434,1.0057716237073964,1.0165544147686536,1.0046843799557448,1.0262042449058213,0.9811105666834686,0.9954420925113882,1.0052518695028299,1.0233626012582322,1.0146063843786315,1.007418920393422,0.99049933946312,1.0145881101440914,0.9911690017498315,1.0323188680021917,1.0176826808697998,0.9946118255197621,1.0005322711719655,0.9912472137011742,0.9752779919878929
104,1.0170285548755702,0.9923740719339981,0.9998406551064445,1.0086899605512867,1.0004112862588177,0.9983140409537727,0.980977289250908,1.012796051425372,1.0071756997357861,1.0030356149856021,0.9983210815075515,0.9999737129798517,0.9838780449068603,0.9979836459332381,0.9896972083839841,1.0011911369737096,1.0350510362213854,0.9943675478792077,0.9883484532742919,1.0349095827014472,0.9771811575116285,1.0402818334636517,1.0073679006689675,1.0208511521841535,0.9922672378834105,1.0063041927808807
105,0.9946363557401033,0.997837947458598,0.9903836200450922,1.0103950734497549,0.9847481005399998,1.0007680179695961,0.9719241812409216,0.9896886865181976,0.9906118115593726,1.0026122204322294,0.9799494656585386,0.9897381441773759,0.9909317388908797,0.9750417141303231,0.9908716564322347,0.990086279890356,1.0150484984248702,0.994869644113933,0.988330196699258,1.0008510097074395,0.9715235936301762,1.0113857889598505,1.001890142793908,0.9902701696210388,0.9861621225213326,1.000386062850663
106,0.9861547910000563,1.0128990406551142,0.9950988957731769,0.9923864114299095,0.9928955729265205,1.001449375443284,1.005709599986392,1.007020868349891,1.011259981699221,1.0062911440631435,0.9722886319359689,0.9964542913777027,1.0091209572322914,1.0189254648901998,1.0174646533786385,0.9926309635371862,1.0095808190374742,0.9920301208950292,1.0068948010145757,1.011263114276193,1.0015922683022411,1.018007362320021,1.0091593055997483,0.9700892746442163,1.0112368008964476,0.9851540659503585
107,1.012959841970378,1.015371449021309,1.004291212502246,1.0071309268455828,1.007485429706254,1.0079556084386938,0.9932835656409245,1.0073557606739385,1.0121109722534307,1.001300412269426,0.979700491999225,0.9922736340021928,1.0187937441590311,0.9968051897011894,1.0079512996766387,0.9967130644110443,1.0119360586414141,0.9992480749731305,1.0011907200976522,0.9749415723210263,1.0106384917404585,1.0231931828872969,1.0052437117685509,0.9885322033291558,0.9932552234909713,0.9869937161358381
108,0.9990532219095835,0.982858134413242,0.9726614016662941,0.9891145483730551,0.9769633054611343,1.0010743425896587,0.9943432145883121,0.9848809731469689,0.9834795414061027,0.996800155154879,0.992415503065236,0.9942690776958921,0.9941865933663344,0.9900316002194632,0.9942773963710596,0.9779015339343667,1.0061854047932959,0.9778771776851,0.9916582964458251,0.9896450680614254,1.034373475234255,0.9997674351745459,0.9959842059998596,0.9764805699552055,1.0084901306938132,1.0035697881501304
109,1.0343514013234447,0.9882156682134263,0.9841903463993498,0.9694017310050628,0.9890579745344203,0.9911962381895111,0.9924360157978664,1.0011081258129158,1.012057792220966,0.9981188351259992,0.9797957516946749,0.9796567011641529,1.0189750480137352,1.0424618533758816,1.000841024881347,0.9876877853801832,1.0075511643905322,0.9980136802874598,0.991501611419136,1.0178961818332806,1.0392361368578693,0.999049228177013,0.980849316855509,0.9934847884361618,0.996892350235428,0.9860657747174315
110,1.0066911890248795,1.0166224758682398,1.0134538950497325,0.9863731805053941,0.9918447168685878,0.9890513649500245,1.0131707638401388,1.0078299649322378,1.0074488000840016,0.9884389364269695,0.9749694105333576,0.9796831185156109,1.0089338441368858,0.9859990326774081,0.9997353542884764,0.9901481734454659,0.9749458222635381,0.988416960978744,1.004433970141783,1.0031302846458359,0.9734493756971166,1.007078161764131,1.0012460136514243,0.9807098691722352,0.9869756859472048,0.9713541740701374
111,0.9884915801563839,0.9882516626182667,0.9788674747368352,1.0104503891092838,0.9956430737060445,1.0082170378939181,1.0046897542552777,0.9960066120781976,0.9976113391977866,0.9983194902101482,0.9857403867577956,0.9977516684812728,0.9991086467353387,1.019208435051782,1.011448181689423,0.998486982321082,0.9950562120483879,0.9822422368304016,0.9944986939972391,0.9948573319947759,1.0046918497026918,1.0242068913929787,1.0109974436564966,0.9818159803944068,1.0060471818510932,0.9922479691747731
112,0.9945737876923341,1.0469610987216087,1.0026180687697726,1.0607119961042057,0.9924457853803373,1.0137918487698825,1.022458336988078,0.9938097873724419,1.0391808441092596,1.0166273401904287,1.0178299803764488,1.0205564254042971,0.9994940265152651,1.0089866835012042,1.0503131898476996,0.9903117005082017,1.0169823411508114,1.0121932937726321,1.0428330265240275,1.006828902606251,1.0422599073776142,1.0169988743198872,1.0137262480312403,1.0074080588124057,1.0262882168717995,1.0373408647620022
113,0.9773313017966281,0.9789629828315249,0.9694537130396931,0.9993211494083717,0.9722410212860931,0.9917310792926166,0.9943599043153515,0.983060688300579,0.9867804780526666,1.0011974546198108,0.9977136681074924,1.003962093190643,0.9926687900921659,1.0006763895949162,0.9971035248830332,1.0000147158897117,1.0108590013919578,0.9946142539970809,0.99526034833518,0.9888086222229278,0.9796915997155106,1.0055618805776483,0.996459137533012,0.9726017290410072,0.9847704428108589,1.0108355402987288
114,0.9819964311313887,0.9920231876800676,0.9713523500373423,0.9939948107449893,0.9814755771585111,0.9929818674344124,0.9877979900733459,0.9848653711470403,0.9916042759544759,0.9893423863714698,0.9886436285401398,0.9904458823887657,0.9838627782613569,1.0008469256136068,0.9971732787347951,0.9732529263199334,1.0036410817557873,0.9735239043091501,0.9927761461604614,0.9912290936490076,1.004369188699168,1.0178472308785156,1.006283762676055,0.9905215587633276,1.0065340532017093,0.9917814799861805
115,0.9979775773700783,0.99679110311804,0.976627275658953,0.9822276581756846,0.9727769946967394,0.9880892295645055,0.9890775886430104,0.9868273329004235,0.9826193988061894,0.9894961199791569,0.9876686683091525,0.9881617587141353,0.9845694418546362,0.9989709578061304,0.9967893503232135,0.9812153025688924,0.9872396443658955,0.9958722556852643,1.0047384926061451,0.9890971587611589,1.0178313959886818,1.0031975606135901,1.0087442537849272,1.0122294163689751,1.004091480328476,0.9935462907042698
116,1.00196138093251,0.9752226193617446,0.9694326413735361,1.0277778880032755,0.9939022609738332,1.0166132001888444,0.977229778018415,0.977632646423534,1.0354461935519135,0.99445501909079,0.9918509072249516,1.0139780297755596,1.0027110590490727,1.0819747434166123,1.0485004229961679,0.9905171915619053,1.0031283066997059,1.0013276548702452,1.002370612611002,1.0223991314681122,1.1027498117753007,1.001801278708926,0.9849309234059616,0.9940198201998498,1.0291243088327555,0.9956175320956534
117,0.9829511444154938,0.9887383503952398,0.9838686102323333,1.01159079545576,0.9865538960777498,1.0030865257175718,1.003987242586882,0.9968666073269788,0.9797782320245129,1.004744225522546,0.9764011171231558,1.0003463423302847,0.9851073001300138,1.010433315021434,0.9915803040095982,0.9877044924112791,1.0016838628805913,0.9997552905364052,0.9916388002972579,0.9883691181863187,0.9939497639030611,1.0040889334112664,0.9882206628117681,0.9967314038500792,0.9875275578734074,1.0059428610700452
118,0.9951482340037858,0.9828236985701986,0.9811591028142911,0.9787722861297412,0.982560580279573,0.9949839998756609,0.9726866045368195,0.9837931507722061,0.9748305555146534,0.9986342063397979,0.9854069350448932,0.9855168409183067,0.9846372456430158,0.9966337542175984,1.0011632723824901,0.9968448842379743,1.006193358260306,0.992896525345002,1.0016178027750147,0.991784363182785,1.0131493706573675,1.009484751361269,0.9837794204561773,0.9834429065062811,1.0000524278033507,1.0039738215985492
119,0.9906113679908014,0.9717841295571821,0.9734614556763524,1.0118815000097519,0.9814463800300296,1.0087554044894678,0.9971288098665293,0.9897266601662599,0.9870563269397155,1.0067568539846365,0.9832347645053334,1.009173058204024,0.9848371808697146,1.0241070563683374,1.005390774021452,0.99308509507935,0.9977333878434559,0.98128911720772,1.0062043710286879,1.0212195275967881,0.9924394953448717,1.0075747723264976,0.9878858651969573,0.9819665706994591,0.9933684788039087,1.0080800697855965
120,0.9908226603071059,0.9814584654540098,0.9787413741357678,0.977344742487311,0.9796983228255973,0.9874312112952524,0.9817661356572168,0.9977310833798703,0.9838413149901922,0.9804922315226662,0.9856569552930327,0.9893502294826126,0.9874893187515281,0.9901090405306429,0.9988418057088486,0.9811021126407988,0.9752256826795483,0.9917950215512494,0.9977594813188693,0.9841241736199884,1.003800617871907,0.9955955161074461,0.9915674657792367,0.9650561714915773,0.9896207741754369,0.9923978985656142
121,0.992460043606959,0.9878009449195911,1.0002169739226154,0.9904187074613507,0.993505219552956,0.9964761551342448,1.0004633081599943,1.0006728388147874,0.9947852122955204,0.9927121237075556,0.9831677687978599,1.0030582460647968,0.9973872592680598,1.0183328188995089,0.9973427564999963,0.9846571309316141,1.0002798373410076,1.003308258922732,0.9973662897958105,1.0110191600524752,1.0074301971271564,1.004031250217991,0.9919488865191236,0.9937492131555624,0.9998248200819059,1.0011306014533305
122,0.970326039697769,1.0056777604454221,0.9895550288040322,1.0101188614368979,0.9968204103803506,0.9917489965664533,1.0019802666166044,0.9897126801254998,0.9994519121949191,0.9921015922946418,0.9985866275919708,1.0151124240358025,0.9971858712633711,0.9904120906627778,1.0071671662773105,1.0178540575753492,0.9756554747355711,1.0249655852870974,1.0216994543280322,0.9849281982959991,1.0185016643383826,1.002227622729417,0.9967514938593611,0.9971133880806102,1.0073896458447817,1.0158282332157877
123,0.9975510579070803,1.0231294410627636,1.0065471390256087,1.0179563331886192,0.9963848273166919,1.0090307351893772,1.0192783797605167,0.9930909188226076,1.0165242699640715,1.0012009498730776,1.001111883919681,1.0128229326604425,1.0078756201423094,0.9961625710109642,1.0086400480800581,1.010154447278206,0.9923505398640297,1.0088812446811135,1.01472248690387,0.992298973042043,1.0071021291616669,1.0058077587344518,1.0147100379807221,1.015349107430741,1.001262863127447,1.0072317932791477
124,0.9794279355299242,0.9578017930302435,0.9534149047586856,0.9746889347908929,0.9580620485231428,0.9802212365549866,0.9810671447951674,0.9649580086138336,0.9635903403710567,0.9772056928340834,0.9509944070829298,1.013206719773091,0.9551949226924493,0.9903444226936998,0.9878910486671856,0.9492140945049992,1.0093617269150423,0.9742151105111934,0.9818244272736986,0.9786895690772184,0.9891667516881989,0.9925713649086662,0.9823726985074449,0.9878508385785587,0.9990622274021971,0.982977575408348
125,0.9926841042404243,0.9840230377814969,0.9867344338064933,0.98472497605799,0.987084273482184,1.0033992870528412,0.9729469087154786,0.9877640091764915,0.992232767043675,0.9857779454406063,0.9759196338232211,1.000808866544542,0.9746521607549435,1.0228164483779094,1.0027530212937303,0.9749483857626359,1.0295544945035358,0.9954928157727803,0.9916904911270672,1.0048233120211076,1.0244555861740108,1.0054048187478886,0.9976469189616076,1.0207433857320587,0.9957725920094322,0.9770927642712445
126,1.005283489937809,0.9771354595550757,0.9658487952632363,0.9786852541672424,0.9729692206122244,0.9875157556905004,0.9495490958314221,0.9767779762955543,0.9720961850932379,0.975607596763105,0.9868698550439242,1.0003893538049256,0.9888394457930859,1.0291519394825972,1.0328111013222911,0.9897877071842721,1.027069176556329,1.0063482023225738,1.0122367401005383,1.034684683629122,1.0315200950682362,1.0364557386104827,1.0231806735090954,1.0059521420742148,1.0048622098451483,0.9670614048190169
127,0.9961523048329416,0.9861787059667879,0.9843647144521975,0.9810841497360145,0.9812650659356438,0.9920418497956247,0.9792608926580642,0.9855342966205233,0.9870075949390779,0.9903164837716821,0.9899908145137617,1.0015752902883783,0.9972222439257481,1.0103720496143398,0.9984014993046127,0.9964125436860783,1.0114851282783526,0.9911158458751326,0.9947640000258052,1.021933311439407,1.0308928477027979,0.9938363657118163,0.977100544547396,1.0025015250948823,1.0031580364470671,0.9893402735703728
128,0.9743870424797633,0.9477822081467531,0.9503555661955728,0.9526372220211954,0.9526583022587005,0.979992344394808,0.9459624838584804,0.965717134476079,0.950031330895106,0.9718479601314652,0.9595137624694052,0.9790933279884372,0.9725194807087328,0.9735386081148555,0.9863020583622951,0.9673363459354352,0.9800233594200743,0.9836098301989585,0.9898324666558308,0.9782448041063034,0.9711129413650781,0.9855194792607881,0.9736643157368271,0.9952492246432636,0.9726493841700812,0.9671962394347265
129,0.9904414778256331,0.9712334802097525,0.9823278875920218,1.0114811879451906,0.9822673607857768,0.9726047427515561,0.970139529199707,0.9885850195300131,0.9863902085439504,0.9690904272741326,0.9716850452124778,1.0020617535473495,0.9836553805652707,0.9936759999735506,0.9711171118967347,0.9813916464721706,0.9438398490691176,0.9857283196799893,0.983953179323044,0.9809504507055545,0.9762539504526774,0.9939780240959994,0.9916998526785189,0.9497980095907587,0.982679802681387,0.9944404839645962
130,0.9882393617789613,0.9935118435810724,1.0154091641068075,0.9952367718373007,0.9924882432455329,1.0028589305259759,1.001280855565875,1.0050100845375165,1.0103389089362427,1.0078552103846792,0.9908156062695809,0.9977952190969812,0.9994051537758856,0.9989444662439196,0.9887125551649484,0.9807964747135812,1.0261075415472674,0.9830801627633373,0.992380436155443,1.0079882614857094,0.9871275416236127,0.9851482310829497,0.9670638032684152,0.976753430760801,1.0051995687294095,0.9874533270140333
131,0.9726817375533319,0.9604415149000134,0.9608400591833989,0.99114011297094,0.9786787464636421,1.0069793989359284,0.990225589330684,0.9794868747920226,0.9959238130039217,0.9940812464741235,0.9926876478590775,1.0017057602401007,0.9841065437451644,1.0046388806538036,1.004521607782217,0.9857329461627506,1.0240268383728461,0.9848592307698041,1.007029456043739,1.0181750619483028,0.9985250853516464,1.0122927149701357,1.0126607888996155,0.9999442574573101,1.0163257067590632,0.9818794629625849
132,0.9749239071833182,0.9856971100796169,0.98745066356629,1.004917625533288,0.978161211003956,0.9899671682406131,0.9946112473134153,0.9687008790815427,0.9810800780014644,0.9904044479650314,0.9871266406611019,0.99599490200272,0.9825282677047803,0.9926997938457472,0.9885889007660379,0.9871796429590066,0.997862432982315,0.9885111222711137,1.0009600979394413,1.0013461078974537,0.9685853730263219,0.9884444538206411,0.9983940959538662,0.9980368367798503,1.0035061433650534,0.9879078771473718
133,0.9891839876515992,0.9964631062777568,0.9845394082757037,0.998419715316701,0.9859063647535137,1.0190475414008586,0.9860667972235747,0.9902385327366139,0.9976670299962109,0.9891374342846361,0.9872042964116294,0.9888272442116063,1.0006463473317229,0.9755769554769954,0.973860834447588,0.988949033730208,0.9671924875535184,0.9717334329046242,0.9812170569128161,1.0006281315843915,0.9760871605250322,0.9945874184542255,0.9908335256609109,0.9674100941226637,0.9831315931483532,0.992707509507202
134,0.9879530390419762,0.9790978184529123,0.9724063225594601,0.987544888469283,0.9778591534221828,0.998448084939487,0.9904190219286609,0.9830358344025251,0.9765346442004104,0.9894426332357018,0.9858381210069236,0.9995716583731499,0.9802304543315198,1.0037075406715286,1.0028697952732204,0.9912242957807305,1.0031266533640297,0.9980618585132994,0.9975298738901656,1.0120960207873844,1.0009578680956275,0.9937864860309015,0.9901551676452495,0.9927086488611456,1.0027928290177652,0.9833300411682224
135,0.9879953477261999,1.003380809866175,0.9909569224301364,1.0066407848402041,0.981598213473742,0.9961814649235189,1.00609342436082,0.9879725669322487,0.9893873429753367,1.0035065449602614,0.9842407045121236,1.0044274255272332,0.9855236814964625,0.9971416842822213,0.9877311705821793,0.9811536297313604,1.0149330017699671,0.9775474297643411,0.9871791689194894,1.004919390068135,0.9983931348873886,1.024077789611019,1.0022448572438523,1.012057641491039,0.9982392765829508,1.0051341458726923
136,1.0023830222249739,1.0053304339353766,1.0127129952504386,0.9982704158155592,0.9908641129021996,0.9862384063507824,0.9856608382435942,1.005974073133628,0.9949264126129496,0.9902598287148558,0.9893142363512764,0.986371865210591,1.005220030151559,1.001198829582938,1.0059338984254798,0.9913213154917218,0.9864812835315615,0.991789040774297,1.0016754192408015,0.9873970889481255,0.9973251319796617,0.9990482860190177,0.988949309869902,1.007241935715917,0.9862808841419328,0.9837374887820773
137,0.98619434939698,1.0036901600940988,0.9866089631097374,1.0113581753220997,0.9878210430134474,1.0007273208541523,0.9949949466157271,0.9822006872643755,0.9902416930990829,1.001198909351688,0.9953863707547245,1.0017210824873888,0.9901558845047277,1.0060639662084199,1.0096353462881964,0.9841707033897473,0.9858337493147099,0.9929822205737613,1.0078792425482275,0.9978687544320627,0.9953720376069091,1.0000820313337728,0.9998625197972378,0.9766184419832608,0.9931230760871096,1.0040593215851132
138,1.016302941271842,0.9938016582144578,1.0102190690811024,1.0146976020178964,0.9948654240193905,1.0378753651086097,1.0172895870573153,1.0125075440037314,1.0104712804454583,1.025065471421443,0.9914794949754516,1.0188047448516493,1.0101879385162988,0.9984988650509148,0.9877890250500336,0.9778638404841129,1.0152058238388608,0.975170919080241,0.9858419931106128,0.9969341881757686,0.9880773758887554,0.9971568247260991,0.9873305224717436,1.0170975183130904,0.9944033226466623,0.9931239919447398
139,1.0292043710176961,1.054645161492333,1.0266822823438124,1.0196269820904524,1.0055265650548415,1.0076900935883788,0.9991715855210316,1.0103693732012708,0.9878066897276332,0.9988063165914568,0.9862071796783957,1.0059706075737236,0.9978763735048949,1.002939603172907,1.0124904468230587,0.9982184273494992,1.0381912648961165,1.0166066604083839,1.0139271168761932,1.0075453261517535,1.0362514677901482,1.0013817917833807,0.9792605420662748,1.0043549418218947,1.0015361239947524,1.0174207878573127
140,0.9744692830131158,0.9918216301780653,0.9706514857825939,0.991258982134453,0.9890102527977361,0.9986375754045448,1.0200558642464943,0.988788831071154,1.0035222226995086,0.9917822710489516,0.9946651577351847,0.9984338311990718,0.9971096391403153,0.9996607747296627,0.9941640832187387,0.9898043550179967,1.017116212078996,0.986708517331351,0.9965444734364555,1.0208122298486297,1.0297444774271618,1.00487105018265,1.0074036163203615,1.0088454626478918,1.0082726075949944,0.9908510906431235
141,0.9755538693751138,0.9611292715004053,0.9763220567109097,1.0099655917206072,0.9858599881602921,0.9952593248907435,0.9541916875639542,0.9604769843434874,0.9887374283551752,0.9896239696426745,0.9951158977492914,1.004204984199656,0.9775636180714203,1.0072691334502537,1.002880038487346,0.9732460983573201,1.0287895880007865,1.0025034386573022,1.0043275691642355,1.0406352365391816,1.0253134456978539,1.015786582373073,0.9917884030158206,1.053678977194517,1.0175194362004925,0.9854755256576452
142,0.9803442983130434,0.9893119304171859,0.9761274367051629,1.0230297187627961,0.9842845076324813,0.9989752809683268,1.006400590477209,0.9870293045604747,0.9890885731635679,0.999728111091141,0.9917363759468147,1.0136399946055528,0.9887511698287865,0.9825888905113584,0.9767205804534458,0.9750462979513921,0.9743233551314103,0.9747749564419786,0.9850519188503629,0.9710385094445566,0.9514974450660033,0.9856876311532694,0.9853672915791012,0.9810722349607318,0.9957590084876928,1.0229817804869163
143,0.9695629021108383,0.9634001675804474,0.9791784770423574,0.9856372784781635,0.9944188644600459,0.9960923688787329,0.9866661737839317,1.0002196128638425,0.9940733178946061,0.9958919224495985,0.9932411779970599,0.9965348668541852,0.9948936547273526,0.9893207135765715,0.9832044507171742,0.9852862752613181,0.995351149127761,0.9792580731313238,0.9897088046225726,0.9885517746058949,1.0066934870850128,0.9868148617704768,0.9895015765603539,0.9634467370962305,0.9975250692982814,0.9903679097522815
144,0.9797720716536722,0.9956443623959164,0.9856404142608853,1.0057483916694252,0.9856782362451968,1.0093485422817572,0.9708610287933401,0.9756499669510189,0.9828656756384102,0.9947185904674394,1.0039452965695779,1.0099846279998892,0.9845382664353218,0.9939969960682579,0.999376650880175,0.9946100342054555,0.9605201299324645,0.99802277475192,0.998421791556043,0.9840615696524635,0.9865009247144755,0.9810681486888564,0.9678799423124956,0.9785987749941525,0.98601646344937,0.9993478302935548
145,1.0193181483473959,1.0097343899235016,1.0191596008485808,1.0421535890539908,0.9924923062637095,1.0165409798075464,1.0273150721473594,1.0101877067635023,1.0150435716419601,1.0256025773735336,0.9912184099200564,1.012932585462581,1.0036117690287438,0.9944322962072981,1.0005917587452093,1.0017288778936322,0.9788979746171611,1.0064372573273153,1.0105250861445028,0.995923986938113,0.9897489069456975,0.9779038900541043,0.9709872306168436,0.9781155992045926,0.986041703180844,1.0248158877227573
146,1.004256581301879,1.0240332287973524,1.0157206641219365,1.0055695269731446,0.9974582105830595,1.0031974247851645,0.9951639358548683,0.9980174434220656,0.996363562176834,0.9962119069379299,0.9950355083523673,1.0003130634384974,1.0061674661709472,0.998125474698656,0.9936234837567139,0.994619132401266,1.0427985091352119,0.9996950607593797,1.0061015940105082,1.0013953205225223,1.000572644055363,1.003764343029138,1.021362382807858,1.0034050056546806,0.9957637231723696,1.005492496049913
147,0.9991390790388545,0.9901225278155747,0.983435969010898,0.9835740957460485,0.9841609245557372,0.9891429505093657,0.9723692705389387,0.9792936895382984,0.9858983983389776,0.9792793076101878,0.9775609354742313,0.9982198295290614,0.9765689525738569,1.0020265902443781,0.9983267847977589,0.9825339796566244,1.0054479360843387,0.9924967988081326,0.9972824024179411,0.9963574163295466,1.0073968046694237,0.9946616960152302,0.9819142727526221,1.008734196514739,1.001415346337131,0.9825906349214771
148,0.9920347860679575,0.986737789817696,0.9794359767425018,0.9980938284526063,0.9845595761980862,0.9969409746353101,1.0057666014253726,0.989862723040362,0.988447678684669,0.989878307895146,0.9916802218416582,0.9995114844016989,0.9819958234292913,1.0019231637073887,0.9987238106205459,0.9923512587632857,1.010680882932049,0.9789279200327977,0.9936611469616724,1.024562860330873,1.0020705611466727,1.034810894000915,1.028001690529087,1.0094862294853948,1.0071448987263576,0.98888094962781
149,0.9629220157682632,0.9663447675279242,0.971636271741338,0.9951709612360065,0.9829519318573986,1.000770404053706,0.9867424965577432,0.9836900298247022,0.9870940510738001,0.9931126840032134,1.0038199376589996,0.9980084329614833,0.9770628823238993,1.0064794340383425,1.0147509689035512,0.9810722126452119,1.0023423960117854,1.0056291244010394,1.0040055736749491,1.0013949496209504,1.0382975813257245,1.0219655787599269,1.0130150054206215,0.9973152230302055,1.0050961461941794,0.9970900326628682
